Plane ID,Date,Source Country,Source State,Destination Country,Destinaion State,Capacity,Revenue (E)/pass,Revenue (B)/pass,Revenue (F)/pass,Food Cost,Fuel Cost,Labor Cost,Halt
1,2015-04-27 00:00:00,US,NC,US,LA,246,5936,14143,14972,1126791,1120886,53252,None
2,2014-02-02 00:00:00,US,MI,AE,AZ,257,61604,69845,68800,10823139,2064687,1438391,None
3,2015-11-11 00:00:00,IN,DN,US,NH,299,63605,65675,69318,11049608,3093367,2013396,IN-PY
4,2014-08-02 00:00:00,US,OR,AE,AZ,207,60873,69904,68347,3372797,1978753,1013913,IN-HR
5,2014-02-23 00:00:00,US,FL,US,KY,226,7178,13983,15102,3063880,947599,386030,None
6,2015-04-20 00:00:00,US,WA,IN,KL,251,63088,65421,69960,2825428,3632826,1879565,None
7,2015-05-06 00:00:00,US,ND,IN,DN,204,60396,67486,68826,6442717,2586454,1369320,None
8,2014-10-06 00:00:00,US,NY,IN,WB,245,63273,69597,68159,2235895,3764021,788820,None
9,2014-02-24 00:00:00,US,OR,US,KY,253,6653,17796,14025,1086762,938443,354196,None
10,2014-07-13 00:00:00,IN,ML,IN,HR,210,9898,16911,19427,3885284,816870,216234,None
11,2014-10-09 00:00:00,US,TX,IN,LD,205,64111,68719,68769,13065510,2476343,1020040,US-AL
12,2014-06-04 00:00:00,IN,PB,US,ID,259,63314,68233,68697,3992452,2774962,1435299,None
13,2015-04-12 00:00:00,US,AZ,US,KS,155,9834,12313,15476,1403535,1131961,210376,None
14,2015-06-24 00:00:00,US,MA,IN,GA,299,61780,66007,69459,3575189,2092609,1086082,None
15,2014-01-15 00:00:00,IN,UT,IN,HR,258,8213,19751,13237,1500886,656756,478306,None
16,2015-09-28 00:00:00,IN,OR,IN,GJ,298,9903,13627,16233,3687455,727827,403590,None
17,2014-05-10 00:00:00,AE,UQ,US,VA,186,64116,65045,69470,11583615,3917039,1836949,None
18,2015-07-18 00:00:00,US,AZ,US,RI,275,7259,10320,15664,722507,965803,394984,None
19,2014-06-23 00:00:00,US,OR,AE,DU,256,61005,69818,68636,3263564,2208504,1708258,None
20,2014-09-26 00:00:00,IN,CT,US,PA,240,64357,65507,69700,1037498,2858136,1609688,IN-OR
21,2014-03-22 00:00:00,IN,OR,AE,UQ,175,60058,69815,68238,1995568,3107443,1545616,None
22,2015-03-28 00:00:00,US,NV,US,OH,175,6374,14956,17033,1061479,511505,276827,None
23,2015-12-28 00:00:00,IN,KL,AE,AJ,224,60872,65888,68127,10905228,2437587,1420431,US-NC
24,2015-05-04 00:00:00,IN,SK,US,AL,205,60517,66405,68791,2559335,2529459,1498037,US-NM
25,2014-04-03 00:00:00,US,LA,AE,SH,151,60927,65700,68983,9919485,2158398,1648106,None
26,2015-02-11 00:00:00,US,MI,IN,MH,174,64929,65516,68987,7716837,2766620,1156835,None
27,2015-05-17 00:00:00,US,KS,US,NM,248,6859,11801,15446,3116895,796620,69516,None
28,2014-12-10 00:00:00,US,WY,US,MO,158,5562,10721,19570,2545662,910718,76066,None
29,2014-10-08 00:00:00,US,NM,IN,PY,206,62854,68865,69609,6886412,2971257,1789906,None
30,2015-11-27 00:00:00,IN,CT,US,VA,173,63192,68262,68268,8839221,3466137,1513560,US-AZ
31,2014-01-13 00:00:00,US,NV,AE,DU,151,62350,69438,69489,2482696,2291889,1414546,US-MA
32,2014-04-03 00:00:00,US,WA,IN,KL,250,62698,65130,68300,4879876,3547938,844443,US-FL
33,2014-09-15 00:00:00,US,ND,IN,JK,175,63809,68303,68590,13633453,2172951,1911747,None
34,2014-02-18 00:00:00,US,NC,US,OR,229,6606,10185,15963,2569650,905852,596681,None
35,2015-08-10 00:00:00,IN,ML,US,CA,216,60804,67855,69313,8599853,4004818,1874188,None
36,2014-01-01 00:00:00,US,CO,IN,PY,240,61386,65189,69955,8500908,3746416,784557,IN-KA
37,2014-08-01 00:00:00,IN,NL,US,FL,296,64016,67659,69744,3322460,3900953,801095,None
38,2015-11-28 00:00:00,US,MO,US,KS,268,9017,18681,13361,1839135,508423,473768,None
39,2015-06-03 00:00:00,US,NH,IN,AR,293,64868,66364,69519,12898104,2078794,1994830,US-LA
40,2014-12-04 00:00:00,IN,AP,IN,BR,202,9578,14078,17510,3437617,899019,399183,None
41,2014-05-10 00:00:00,US,MA,AE,SH,258,60248,65939,69008,13187416,3649216,1692869,None
42,2015-11-05 00:00:00,US,NJ,IN,PY,228,63133,66534,68524,8092544,2908547,1543567,IN-DN
43,2014-09-23 00:00:00,IN,DN,IN,MN,238,7091,17113,19684,885469,1053296,436077,None
44,2014-10-17 00:00:00,IN,SK,US,IN,269,60557,66743,68279,9540768,2288820,1500629,IN-MH
45,2015-10-09 00:00:00,US,KS,IN,JK,261,62666,66341,68354,13244748,4103580,1064944,None
46,2015-08-17 00:00:00,AE,AZ,US,GA,264,62908,69027,68442,8569505,3711158,1815920,None
47,2014-12-04 00:00:00,AE,RK,US,CA,281,60502,67833,68826,2086045,4088271,645897,None
48,2015-02-21 00:00:00,IN,PB,IN,DD,221,7228,12026,19779,275873,807125,129415,None
49,2014-07-11 00:00:00,US,CA,IN,SK,279,62483,65473,69558,9659855,3231678,940402,None
50,2014-05-12 00:00:00,AE,DU,IN,DN,205,62877,68651,69438,3944910,3837627,1617915,IN-BR
51,2014-10-13 00:00:00,IN,GJ,US,LA,182,60660,68803,68821,4554972,1944971,1151360,None
52,2014-07-04 00:00:00,US,ID,IN,MN,154,61556,69503,69625,6199677,2107353,1360282,None
53,2014-03-19 00:00:00,IN,AN,US,OR,251,61709,66483,69620,3406818,2094728,879437,IN-TN
54,2014-07-13 00:00:00,US,RI,IN,KL,288,60758,66834,69284,11235800,2446241,1986301,US-IA
55,2015-10-24 00:00:00,US,RI,US,WA,213,8433,19385,19592,738121,894015,599026,None
56,2014-11-02 00:00:00,IN,MP,IN,AR,195,6290,10645,19086,238369,932197,437711,None
57,2014-04-25 00:00:00,IN,TG,AE,DU,206,62803,69926,69289,11838774,4031408,1305975,None
58,2014-04-06 00:00:00,US,GA,IN,JH,299,63249,69408,69783,5696010,3642225,1793144,US-NY
59,2015-05-21 00:00:00,US,OH,IN,DN,158,63883,69645,69477,11553657,4173091,1357980,US-TN
60,2015-11-22 00:00:00,IN,MH,US,NC,261,63385,69254,68547,7290558,2015590,1042833,None
61,2014-04-06 00:00:00,IN,KA,IN,JH,279,6306,10053,19030,2844700,784916,358301,None
62,2015-06-26 00:00:00,IN,PY,AE,AZ,222,61828,66041,69585,3723559,3995590,1757534,US-IA
63,2014-07-26 00:00:00,US,IL,IN,UP,156,63347,65449,68694,6037003,3663598,1998352,IN-ML
64,2014-03-17 00:00:00,US,MN,IN,MP,167,60395,66357,69265,11393408,2911967,515921,None
65,2015-12-01 00:00:00,US,WY,IN,GJ,225,64322,67770,68892,12981510,3371169,928280,IN-DL
66,2014-01-11 00:00:00,IN,NL,IN,WB,288,9681,18675,19897,3021976,870612,476400,None
67,2015-05-08 00:00:00,IN,KL,US,AK,197,62803,68867,69917,8683188,2961262,1742284,None
68,2015-06-28 00:00:00,IN,CH,US,MS,273,62092,66759,69832,2197619,3712878,1068178,IN-BR
69,2015-12-16 00:00:00,IN,DL,AE,AZ,276,64154,66417,68215,8815062,3688796,379573,IN-WB
70,2015-11-03 00:00:00,US,MN,US,NJ,286,5704,16648,15531,967185,1086717,101801,None
71,2015-04-14 00:00:00,IN,AP,US,MI,279,63719,68255,68532,13317282,1785563,685903,IN-KA
72,2015-11-02 00:00:00,US,NH,IN,ML,213,64193,67727,69044,13694779,3310150,1801562,US-PA
73,2014-05-13 00:00:00,US,MS,IN,MZ,221,63427,69631,69786,10040813,2543288,1512705,US-AZ
74,2014-04-08 00:00:00,US,NJ,US,MD,179,5948,17189,18020,215196,506856,290094,None
75,2014-02-07 00:00:00,US,WY,IN,MZ,213,62784,67422,69864,9087228,3876732,1667058,None
76,2015-11-19 00:00:00,AE,DU,IN,CT,264,63786,67167,68532,4960061,1791106,813340,IN-ML
77,2015-10-14 00:00:00,US,AR,IN,DD,201,61085,65187,69422,13640366,3661340,1175134,IN-MN
78,2014-04-25 00:00:00,US,HI,IN,WB,253,63457,66561,68566,3597708,2706374,1352421,None
79,2014-07-06 00:00:00,US,NV,IN,KL,216,64378,66271,68306,3806801,2421102,521579,None
80,2014-01-12 00:00:00,IN,OR,US,DE,199,63590,69983,69282,4640119,1980674,1197497,None
81,2014-05-04 00:00:00,IN,DD,IN,PY,196,8428,15545,16692,3496711,1113953,452185,None
82,2015-11-24 00:00:00,US,CT,US,ID,253,5508,14757,13509,958544,934027,141021,None
83,2014-11-12 00:00:00,US,WA,US,OH,205,8166,12092,19719,1218166,681477,550659,None
84,2014-01-14 00:00:00,IN,TG,US,RI,265,64993,65766,68431,6392965,3061921,626911,None
85,2015-10-02 00:00:00,US,AR,IN,LD,288,61734,67446,68025,11772408,3897147,645077,IN-HP
86,2015-04-07 00:00:00,AE,UQ,US,GA,208,62791,65422,68062,5214701,3205761,529744,None
87,2015-07-10 00:00:00,US,AZ,US,MI,162,8410,10301,13151,2116390,945373,53568,None
88,2015-01-20 00:00:00,US,TN,IN,UP,252,62240,65494,68791,11977872,2126459,845290,None
89,2015-05-15 00:00:00,US,MT,US,SC,233,8596,15291,14084,3928053,975045,553744,None
90,2015-07-17 00:00:00,US,NC,US,VT,228,8639,13358,14031,1275757,656825,585792,None
91,2015-01-21 00:00:00,US,AR,US,ID,220,8581,13471,16081,654653,601226,523741,None
92,2014-08-12 00:00:00,US,OK,AE,SH,274,61121,68686,69948,9252113,3939241,558699,US-UT
93,2015-04-24 00:00:00,IN,HP,US,NJ,247,64635,68745,69634,2531392,1880541,1607250,US-WY
94,2014-09-07 00:00:00,IN,AS,IN,SK,253,9713,16868,17142,1502054,698017,593074,None
95,2015-01-01 00:00:00,US,MO,IN,GA,155,64214,68750,69191,1964885,2973105,1778854,None
96,2014-11-14 00:00:00,US,MA,US,SC,285,9564,19292,14862,3346066,667101,501179,None
97,2014-10-03 00:00:00,US,MA,IN,AN,232,61532,65189,68749,1749558,3837327,2059059,AE-FU
98,2014-07-28 00:00:00,US,FL,IN,TN,153,61449,69020,68362,1802237,3560484,868157,None
99,2015-03-27 00:00:00,IN,JH,IN,LD,218,7034,11068,16726,3245082,533586,344624,None
100,2014-12-26 00:00:00,US,IA,US,WV,180,6290,15406,16286,2744014,822367,507460,None
101,2014-01-19 00:00:00,IN,OR,US,VA,208,60258,68993,68087,1007619,2709802,590942,US-WV
102,2015-02-20 00:00:00,IN,UP,IN,TG,275,5321,18184,14239,1848108,792316,63747,None
103,2014-03-28 00:00:00,US,ND,US,AZ,256,7119,12583,14678,3514625,1020147,270839,None
104,2015-06-18 00:00:00,IN,UP,US,MI,240,63637,67787,69508,10610619,2461640,2009732,IN-NL
105,2014-04-09 00:00:00,IN,MZ,US,KY,167,64025,68419,68739,11461990,1868669,1943652,US-SC
106,2014-11-01 00:00:00,IN,TR,US,ME,259,62121,67465,68865,13685267,1757356,2071546,US-MI
107,2015-08-20 00:00:00,US,HI,US,MD,175,6018,17782,13185,1003239,533677,235735,None
108,2015-04-26 00:00:00,US,ND,US,OR,175,7543,12595,19285,1703479,883710,192115,None
109,2015-11-03 00:00:00,US,DE,IN,SK,158,62722,69789,69201,3972600,2696804,1776574,US-WI
110,2015-05-23 00:00:00,US,KS,US,MO,154,9456,16801,13557,3122613,721429,127785,None
111,2014-09-15 00:00:00,IN,MP,US,CT,209,64611,68316,69180,9370105,3336932,953942,IN-DD
112,2015-11-07 00:00:00,IN,PB,IN,BR,222,5446,17722,16394,2114448,1029175,491934,None
113,2014-12-25 00:00:00,US,SC,US,SD,174,5885,16724,14202,3084338,956302,445602,None
114,2015-12-21 00:00:00,IN,MZ,US,TX,243,62579,66021,69904,4351531,1858042,538184,IN-TN
115,2014-04-23 00:00:00,US,SD,IN,PB,247,63837,67760,69952,13805633,1781946,820391,US-VA
116,2015-11-26 00:00:00,US,WA,AE,DU,153,64420,69409,69035,10081808,2962989,462185,US-UT
117,2014-10-21 00:00:00,IN,UT,IN,GA,178,6174,18090,14509,221754,1141487,505213,None
118,2015-03-22 00:00:00,US,UT,IN,AS,294,61659,68513,68670,4845738,3643224,481600,US-ND
119,2014-09-01 00:00:00,AE,SH,IN,GJ,202,62324,66078,69080,2372900,3248746,1917410,US-MO
120,2014-10-08 00:00:00,US,GA,IN,MH,173,64593,67611,68056,6050027,3660184,1593394,None
121,2015-04-08 00:00:00,IN,TR,US,CA,176,61042,66203,69631,12360790,2498134,1470178,IN-AR
122,2015-03-18 00:00:00,US,HI,IN,MP,294,64483,69286,68329,10913243,2408915,1909353,US-SD
123,2015-01-07 00:00:00,US,MN,US,FL,195,9473,15467,19681,1677056,765174,38629,None
124,2015-08-22 00:00:00,AE,SH,IN,MN,165,61770,67716,69521,1490273,3028909,510883,IN-GA
125,2015-12-27 00:00:00,IN,MZ,AE,FU,300,64700,65339,68674,7530475,3598055,1655712,None
126,2014-09-12 00:00:00,US,SC,IN,HR,208,64209,68562,69799,4278888,2136629,2093626,US-OR
127,2015-03-23 00:00:00,US,HI,US,TN,243,5845,19267,19592,2703871,977544,422083,None
128,2015-06-25 00:00:00,US,MN,US,AK,255,9747,12887,19396,3693665,952051,273370,None
129,2014-10-14 00:00:00,IN,GA,US,SD,191,61681,65829,68826,2832144,3372659,991154,None
130,2015-06-20 00:00:00,US,NH,US,SD,248,5679,15731,19795,989044,1017605,543634,None
131,2015-12-01 00:00:00,IN,KL,US,AR,151,60916,68260,69260,12780067,2451420,1559908,IN-CH
132,2015-04-19 00:00:00,US,DE,US,MA,187,5283,12438,17096,571324,524505,542586,None
133,2015-03-05 00:00:00,US,DE,US,MD,254,5927,15017,17090,1092329,539599,545788,None
134,2015-10-25 00:00:00,US,NY,US,WA,235,7165,19462,14138,565926,928016,496411,None
135,2015-04-10 00:00:00,US,ID,US,HI,151,5360,16021,14255,1353738,773886,156927,None
136,2015-11-13 00:00:00,IN,KL,US,CT,228,60410,66579,69819,849583,2434553,529729,US-NC
137,2014-10-10 00:00:00,IN,DN,IN,AS,296,7534,10951,17867,838260,580244,341724,None
138,2015-06-19 00:00:00,AE,DU,IN,KA,296,60095,67443,68401,9357268,3288117,415216,None
139,2015-05-02 00:00:00,US,KS,US,VT,267,6864,16373,13882,746033,807737,234508,None
140,2015-07-10 00:00:00,US,HI,US,VT,284,8341,16517,17720,399943,1147756,561977,None
141,2014-09-18 00:00:00,US,IN,US,FL,241,6088,14540,18623,1005028,1029430,354713,None
142,2015-03-01 00:00:00,US,OR,US,MS,230,6615,11825,19569,2961197,521714,256216,None
143,2015-11-14 00:00:00,US,NJ,IN,AN,202,63453,68226,68258,13677146,3252460,1299680,None
144,2015-09-22 00:00:00,IN,PB,US,KS,231,61359,66080,68947,12318850,3951233,526231,IN-MH
145,2015-09-27 00:00:00,US,MS,US,WY,240,9894,17630,19163,1298630,1084926,288840,None
146,2015-11-02 00:00:00,US,AK,US,WA,282,5600,12111,15012,1105958,572034,564466,None
147,2015-09-16 00:00:00,US,LA,US,NV,156,7790,11408,15269,2283542,979236,201005,None
148,2015-06-13 00:00:00,US,OH,AE,AJ,202,63879,69670,69243,13708778,3090926,1927305,None
149,2015-08-06 00:00:00,IN,NL,US,ID,264,63410,68246,68061,11081784,2666537,1322901,US-IA
150,2015-10-25 00:00:00,US,VA,US,AR,167,6388,13952,18414,3562263,1086203,131802,None
151,2014-05-25 00:00:00,IN,AS,US,OR,265,60441,67902,69458,2982183,3075232,627500,US-AR
152,2014-10-21 00:00:00,IN,GJ,US,MD,198,62037,66762,69136,10633167,2212962,595109,US-ID
153,2014-08-11 00:00:00,US,CT,IN,AS,152,64963,66913,69976,10644272,3979076,1431622,IN-DD
154,2015-11-12 00:00:00,IN,SK,AE,DU,278,60301,68715,69651,3180771,2104961,1959392,IN-MZ
155,2014-11-01 00:00:00,IN,MN,IN,MH,227,8484,17464,17334,3845054,1064783,177854,None
156,2015-07-14 00:00:00,IN,CH,US,MI,208,60943,68340,68318,3520487,3152444,405004,US-PA
157,2014-04-19 00:00:00,US,IA,US,SD,286,5308,19739,18334,2474927,777374,223595,None
158,2015-01-18 00:00:00,US,VT,IN,LD,285,63366,65084,69356,6514539,3182624,446348,AE-RK
159,2015-07-08 00:00:00,US,AZ,IN,BR,191,60600,68534,69472,9322741,3208940,1518961,None
160,2015-12-22 00:00:00,US,MI,IN,TR,282,63996,66116,69124,6911568,3463546,1257128,US-MS
161,2014-09-01 00:00:00,US,CT,US,NE,293,5034,18483,14166,2932411,759264,570204,None
162,2015-10-18 00:00:00,IN,CT,US,WY,150,62226,65046,68459,13411612,2757906,1152108,None
163,2015-03-10 00:00:00,US,SC,IN,MN,175,64215,66122,69523,5669114,1957264,1273210,None
164,2014-09-10 00:00:00,US,OH,US,HI,264,6531,10413,13293,416000,868888,147684,None
165,2015-10-28 00:00:00,AE,FU,IN,AR,195,60378,69122,69654,6917229,4031160,1732388,IN-UT
166,2014-07-17 00:00:00,US,NJ,US,NV,197,6257,18418,13954,3426524,818706,273568,None
167,2014-03-12 00:00:00,IN,PY,US,NH,267,61751,65023,69804,4772564,1845142,680465,US-WV
168,2015-01-28 00:00:00,IN,TG,US,AR,150,61997,66213,69460,12299403,2384633,1314611,None
169,2015-09-25 00:00:00,IN,DN,US,OK,231,61244,65282,68022,4385693,3307334,1176669,IN-JH
170,2014-01-04 00:00:00,US,WY,US,AR,286,5338,18076,16818,1283346,512247,164408,None
171,2015-12-19 00:00:00,US,WY,US,MT,279,8592,14642,16606,2507689,929010,372448,None
172,2014-01-12 00:00:00,US,GA,IN,UT,232,61605,68459,69186,11824681,2771061,892103,IN-JK
173,2014-11-22 00:00:00,IN,UP,IN,MZ,296,6174,11367,14348,1525759,824060,51768,None
174,2015-03-16 00:00:00,IN,NL,US,CT,186,60149,69616,68256,4661702,2170759,1827212,None
175,2015-09-02 00:00:00,AE,FU,IN,DN,180,61613,67962,69859,8191140,4065080,1990709,US-AK
176,2014-04-10 00:00:00,US,HI,IN,TG,292,64678,65384,68455,10982207,1829826,1692044,None
177,2014-01-12 00:00:00,IN,CT,IN,PY,200,9057,15863,18948,1288436,761870,416667,None
178,2014-01-18 00:00:00,IN,UT,US,VT,193,60146,65394,68508,10936963,2910664,1890168,AE-AZ
179,2014-07-03 00:00:00,US,WA,AE,RK,179,63267,67037,68613,1309933,2194597,1635026,None
180,2014-07-05 00:00:00,IN,PB,US,MO,215,60543,65445,68716,9042688,2082485,1734517,IN-AP
181,2014-12-02 00:00:00,US,TN,US,ND,288,5238,15424,19257,637115,788537,173110,None
182,2014-06-14 00:00:00,US,NJ,US,AZ,176,5050,16127,15976,1976226,772021,565372,None
183,2015-01-18 00:00:00,AE,AJ,US,AK,214,61159,67869,68463,4768137,3024574,1090509,US-WI
184,2014-10-02 00:00:00,US,FL,IN,MH,243,60687,65376,68034,13077256,2314137,1959182,US-OR
185,2014-06-24 00:00:00,AE,UQ,IN,CT,189,62700,69014,68856,9459560,2863463,701275,None
186,2014-02-16 00:00:00,US,NV,IN,CH,185,61901,69841,69891,1363889,2244562,1948977,IN-UP
187,2014-04-04 00:00:00,IN,AR,US,MS,163,60850,66393,69303,4309855,2571868,919487,None
188,2014-11-18 00:00:00,US,KS,US,WI,271,9343,12517,18490,231956,1063475,422675,None
189,2015-08-03 00:00:00,US,NY,AE,RK,178,64367,66362,69571,7513369,2277107,2063951,IN-GJ
190,2014-08-25 00:00:00,US,VT,US,OR,153,7312,18087,15308,2772295,571169,470548,None
191,2015-07-19 00:00:00,US,KY,IN,MN,291,63349,68451,69944,8353004,2139773,1232410,IN-GJ
192,2014-09-10 00:00:00,AE,UQ,US,AK,172,60324,66837,68475,10128361,2024344,639100,IN-BR
193,2014-09-20 00:00:00,IN,TG,US,CA,233,61373,68261,68560,10747079,2689848,726561,None
194,2015-07-22 00:00:00,US,NH,IN,GJ,182,63903,68759,69056,3020243,4184376,480470,None
195,2014-02-02 00:00:00,IN,TG,US,NV,202,62092,66772,68905,10767886,1927266,467322,None
196,2014-08-11 00:00:00,IN,MZ,IN,CT,254,5568,15908,19961,1369105,1132406,489295,None
197,2015-02-07 00:00:00,US,MI,AE,DU,271,63361,68736,68559,4883742,3591776,1840371,US-ND
198,2015-06-24 00:00:00,IN,GA,US,HI,271,64388,65319,69427,10949321,3394816,1681876,US-KS
199,2014-05-17 00:00:00,IN,TR,IN,AP,220,8210,10052,15658,3322579,812991,580164,None
200,2014-08-14 00:00:00,IN,GJ,US,WV,293,60981,65593,68427,10041972,3454881,1418412,IN-MH
201,2014-07-28 00:00:00,US,TN,US,TX,291,7659,19320,13064,1760304,1029187,199014,None
202,2015-10-11 00:00:00,IN,JH,US,MO,279,64479,68922,69450,9481030,3833941,376641,IN-PB
203,2015-09-23 00:00:00,US,MT,US,TX,250,9199,19802,13266,3157609,748781,421338,None
204,2014-10-01 00:00:00,US,ND,IN,HP,226,64231,65816,69719,3587493,1849108,336594,None
205,2014-08-13 00:00:00,IN,JK,IN,MZ,288,7956,11765,16059,3588408,817053,185816,None
206,2015-06-24 00:00:00,IN,LD,AE,SH,256,64292,67826,69205,11343568,2699984,1904672,IN-GJ
207,2014-07-05 00:00:00,US,OR,US,GA,258,9993,19255,19668,2682730,1113689,75770,None
208,2015-07-04 00:00:00,IN,LD,US,ME,226,60178,69635,68804,5904567,2608720,1490089,None
209,2015-12-24 00:00:00,US,IL,AE,AJ,154,61251,67992,69698,9380519,2667059,488330,IN-WB
210,2014-05-24 00:00:00,US,MA,US,NC,212,7664,10672,13872,2769370,1060820,399395,None
211,2014-08-02 00:00:00,US,WY,IN,MH,296,63950,66774,68729,4418175,3998627,1500625,US-MS
212,2014-04-26 00:00:00,IN,JK,US,GA,281,61644,66456,69256,4265033,2705230,1483950,US-ME
213,2015-08-04 00:00:00,US,CT,IN,MN,216,61770,68298,69978,6062906,3616935,1434352,AE-DU
214,2015-06-17 00:00:00,IN,HP,US,SC,234,64188,65203,69070,12101465,2721432,1509601,None
215,2015-10-03 00:00:00,IN,JH,IN,NL,191,6686,13349,19960,3542880,880236,463788,None
216,2015-10-03 00:00:00,IN,CT,IN,OR,193,8445,11227,16803,3986557,700040,69856,None
217,2014-12-20 00:00:00,US,TN,IN,MH,189,63721,68441,69789,6496996,4106836,1643522,None
218,2015-08-26 00:00:00,US,DE,IN,HR,275,64280,69249,69148,8380770,3225092,1111589,None
219,2014-10-09 00:00:00,IN,HR,US,CA,245,62815,65689,68752,8787615,3386150,1317605,None
220,2015-10-16 00:00:00,US,OR,US,WI,242,9333,15793,18648,3652210,698686,337207,None
221,2014-02-07 00:00:00,US,SC,US,MS,157,6776,13046,14353,975399,1100905,508644,None
222,2014-11-06 00:00:00,US,VA,IN,AP,153,60132,69562,69961,7816712,1947058,1971424,US-KS
223,2015-02-22 00:00:00,US,OR,IN,PY,250,64179,65825,69471,830979,1912245,972523,IN-BR
224,2014-12-16 00:00:00,US,UT,US,VT,282,8251,11473,13120,1580442,1067513,155260,None
225,2014-10-11 00:00:00,IN,AR,IN,SK,199,5450,10136,16780,1867625,544518,443573,None
226,2014-11-27 00:00:00,IN,CT,IN,WB,168,8866,14140,15138,3922690,1119818,245715,None
227,2015-01-26 00:00:00,US,NE,US,SC,175,9012,10624,16996,2868284,1051354,327058,None
228,2014-11-25 00:00:00,US,MS,IN,GJ,153,61732,67172,68269,11540505,2580096,1779752,US-AZ
229,2015-04-23 00:00:00,IN,PY,IN,UP,258,5876,17272,16714,1724854,937057,70467,None
230,2015-10-15 00:00:00,IN,SK,US,AZ,150,63387,66281,69418,8748378,3152128,1175481,IN-LD
231,2015-11-11 00:00:00,US,ND,US,AZ,260,5347,19081,16325,3114794,1074337,132014,None
232,2015-01-15 00:00:00,US,AK,IN,PB,262,61367,69451,68042,4159623,3059164,351232,US-NC
233,2015-01-23 00:00:00,US,AZ,AE,DU,282,64624,68236,69561,3025218,4049128,2007561,None
234,2014-04-11 00:00:00,IN,CH,IN,CT,209,5322,11454,17008,1769314,937329,258783,None
235,2015-03-05 00:00:00,IN,KA,IN,MN,186,8524,18968,14993,1210295,596624,271486,None
236,2015-10-07 00:00:00,US,TN,AE,RK,288,64036,67541,68208,692400,3342187,1979907,US-MI
237,2014-03-10 00:00:00,US,SC,US,OK,234,6194,16289,18980,963180,1193059,252214,None
238,2014-04-04 00:00:00,IN,UT,US,CA,292,64315,65397,68337,4858382,2795507,2069378,US-WA
239,2014-02-20 00:00:00,US,MA,IN,KL,230,63752,69323,69907,11182534,3828991,1259091,None
240,2014-02-18 00:00:00,US,LA,US,KS,296,9733,14127,16821,2432436,697935,142051,None
241,2015-11-24 00:00:00,US,NC,IN,AP,248,60737,68098,69396,11916591,2509503,1381332,None
242,2015-08-24 00:00:00,US,NE,US,DE,151,6562,16078,18701,3512677,706077,126507,None
243,2015-05-23 00:00:00,US,SD,IN,AS,158,62787,65625,69204,2371274,2707024,1529949,US-ND
244,2015-04-12 00:00:00,IN,PB,US,OR,231,60053,65347,69396,5877062,2810209,649556,US-MS
245,2015-02-02 00:00:00,IN,PY,IN,OR,158,7851,18327,17184,2740086,727849,507349,None
246,2014-01-04 00:00:00,US,ND,IN,MN,171,60282,66866,69323,12999053,1918821,952340,None
247,2015-05-09 00:00:00,US,NJ,AE,AJ,187,62834,68366,69787,12307350,2987425,1255426,None
248,2014-04-17 00:00:00,US,OH,US,TN,278,8948,11982,13274,1979475,864308,519728,None
249,2014-06-22 00:00:00,US,NY,US,OK,253,5272,11712,16322,1649688,1018771,97167,None
250,2014-08-15 00:00:00,US,ME,US,UT,258,9732,10530,18556,3073693,1107991,462552,None
251,2014-11-25 00:00:00,US,CA,IN,NL,244,61575,67346,68432,7306481,4036575,1696145,None
252,2014-06-21 00:00:00,IN,HR,IN,PY,171,7431,16393,17129,2602803,905106,300094,None
253,2014-06-11 00:00:00,IN,LD,US,NH,176,61302,67931,69108,6494586,1986247,1476556,None
254,2015-10-01 00:00:00,AE,SH,AE,UQ,177,8295,10038,18366,927977,855764,579834,None
255,2014-11-08 00:00:00,US,WI,IN,LD,267,64339,66548,69173,4300373,4061301,974606,None
256,2014-12-12 00:00:00,US,VT,IN,UT,154,64836,66726,69292,2945598,3304681,1456463,AE-AZ
257,2015-07-27 00:00:00,IN,SK,US,VA,181,64275,65589,69991,8189877,3020639,1961027,IN-BR
258,2014-05-02 00:00:00,IN,ML,US,DE,230,64348,65465,69876,12970318,2999200,1506978,US-LA
259,2014-12-23 00:00:00,IN,BR,US,AL,207,60830,69812,68527,9707681,2506275,710703,IN-JK
260,2015-03-21 00:00:00,IN,TN,US,ID,180,62646,69200,68270,12876773,3281606,1158998,None
261,2014-03-11 00:00:00,US,VA,US,MI,163,9266,10955,13320,3160693,847897,211637,None
262,2015-12-04 00:00:00,US,NH,IN,TN,282,61320,67623,69908,1298339,2169972,1817601,None
263,2014-03-17 00:00:00,IN,MH,IN,GJ,231,6633,19521,18043,1587025,910386,589737,None
264,2014-02-11 00:00:00,US,UT,US,IL,220,6516,16638,18965,760692,503972,92037,None
265,2014-11-14 00:00:00,US,VT,IN,LD,294,63030,68848,68199,6915322,4141386,2012046,None
266,2014-02-26 00:00:00,IN,GA,US,MA,275,62134,66642,68912,10005938,3124923,1288712,US-VT
267,2015-11-16 00:00:00,IN,GA,IN,MP,297,9085,16984,19665,2691748,779485,121273,None
268,2014-10-16 00:00:00,IN,GA,US,WA,209,63965,65597,69230,3510275,3403391,1062346,None
269,2014-07-25 00:00:00,IN,HR,IN,GA,220,7257,14125,15247,2839837,591416,30125,None
270,2014-03-24 00:00:00,IN,UP,US,ME,284,63427,68640,69550,5408442,3435048,957604,None
271,2014-01-14 00:00:00,AE,RK,US,MS,196,60369,66691,68426,9640127,3895664,1687270,None
272,2015-03-14 00:00:00,US,NH,IN,TR,293,63768,65703,68024,5777344,3793862,1789640,IN-HP
273,2015-04-07 00:00:00,AE,SH,US,OR,163,61780,68005,68238,13624442,3309186,364319,US-MS
274,2015-08-23 00:00:00,IN,GA,IN,RJ,241,8319,12950,17201,1273593,1062098,107311,None
275,2014-03-07 00:00:00,US,NM,US,ID,259,8468,13608,14306,3625011,770225,241651,None
276,2014-10-11 00:00:00,AE,SH,AE,AJ,191,5877,15960,16121,757506,1065918,241870,None
277,2015-02-08 00:00:00,US,OR,US,NV,261,6783,11039,18708,789044,1026907,200757,None
278,2015-08-22 00:00:00,US,MT,US,ND,275,6401,10631,16896,1006105,957571,110256,None
279,2014-03-15 00:00:00,US,NV,AE,DU,259,60195,69763,68106,6257720,3652418,1976941,None
280,2015-07-03 00:00:00,US,MO,US,HI,287,5376,12090,18133,881762,593812,34833,None
281,2015-09-18 00:00:00,IN,PB,US,MI,273,61126,69340,69473,11271378,2761962,1569244,None
282,2014-07-18 00:00:00,IN,WB,IN,GA,296,9098,19810,15927,1564078,1139014,56993,None
283,2014-10-26 00:00:00,IN,JK,IN,WB,257,7994,11237,16607,520734,500804,210606,None
284,2014-11-25 00:00:00,US,OR,US,NH,246,5639,17790,14543,1617513,957671,224367,None
285,2015-05-08 00:00:00,US,WY,US,AK,246,6020,14740,14457,3991059,926403,44682,None
286,2014-08-17 00:00:00,IN,TN,US,NV,276,64070,66973,69457,13046978,4167179,810036,IN-TG
287,2014-08-25 00:00:00,US,WI,AE,AZ,214,64059,66654,68745,11432515,2214401,385638,IN-TR
288,2014-11-27 00:00:00,US,KS,IN,JH,243,64998,65133,69141,8260592,2782751,882344,US-OR
289,2014-01-10 00:00:00,IN,MZ,US,DE,263,63301,69010,68302,2296511,3571086,566939,US-HI
290,2015-10-11 00:00:00,US,OK,IN,DL,220,64001,67267,68872,6044140,1774223,1295065,None
291,2015-08-18 00:00:00,IN,TG,US,PA,204,63259,69190,68079,5112031,3807951,1355919,AE-AZ
292,2015-08-11 00:00:00,US,UT,US,NC,241,7421,14412,15661,252379,1041561,232236,None
293,2015-12-16 00:00:00,IN,ML,IN,KL,193,7191,11521,16021,1939980,518164,322028,None
294,2014-11-21 00:00:00,IN,TR,US,TN,260,60480,68684,69309,11947189,2248237,751832,None
295,2014-06-22 00:00:00,IN,TG,US,FL,288,61642,68026,68056,12041848,4168779,663577,US-WI
296,2015-03-26 00:00:00,IN,BR,IN,UT,153,7579,19411,15162,592526,926476,136677,None
297,2015-09-15 00:00:00,US,ME,US,FL,244,5858,11243,17742,2320824,1193072,271232,None
298,2014-12-26 00:00:00,IN,DL,US,CO,249,64587,66261,69451,8900962,3668651,735560,US-WI
299,2014-08-10 00:00:00,US,FL,US,TX,284,7301,15081,13284,395828,676715,293980,None
300,2014-01-15 00:00:00,IN,MH,US,PA,236,61882,67278,69056,9490524,3362821,422834,IN-RJ
301,2015-05-06 00:00:00,US,LA,US,NC,250,7059,12030,17010,3821544,585774,205257,None
302,2015-03-24 00:00:00,US,OR,US,DE,164,8562,15434,17996,1824183,525849,325746,None
303,2015-09-27 00:00:00,US,MN,US,CO,155,8426,17290,19791,1370978,688439,439275,None
304,2015-03-16 00:00:00,US,TX,IN,TN,259,63865,65263,69242,13999154,3373822,727045,None
305,2015-04-28 00:00:00,US,FL,IN,TG,291,61869,65277,68275,11600465,1781996,1589461,None
306,2014-03-26 00:00:00,US,WI,IN,MP,163,62086,66547,69405,4694869,2086252,633555,US-PA
307,2015-03-27 00:00:00,US,RI,US,MI,282,9863,18906,19171,2292980,578990,548647,None
308,2015-08-12 00:00:00,IN,HR,US,VA,265,62106,66592,68543,9324530,1906448,1378772,None
309,2014-10-23 00:00:00,US,TX,US,AL,168,5212,11383,13920,486658,684565,265750,None
310,2015-12-08 00:00:00,US,IN,US,UT,162,6910,12874,16485,3429916,1198311,54630,None
311,2015-07-03 00:00:00,US,NV,US,TN,192,6307,12181,16673,3394335,618647,379448,None
312,2015-03-03 00:00:00,IN,CT,US,RI,267,61462,69679,68747,11049383,2635481,1060755,US-SD
313,2014-10-14 00:00:00,IN,ML,US,MN,164,60129,69896,68463,13600452,3806205,1987218,AE-FU
314,2015-09-02 00:00:00,IN,KL,IN,GJ,288,9575,16372,14045,1178300,1005884,264436,None
315,2015-06-24 00:00:00,US,AL,IN,JH,178,62645,65126,69460,4388102,2367786,1259028,None
316,2014-01-24 00:00:00,US,AL,IN,KL,262,64406,68784,68395,9803799,2838060,301523,AE-RK
317,2015-09-04 00:00:00,US,MT,IN,MN,238,60080,69164,68679,4421603,2248864,423121,None
318,2014-11-20 00:00:00,US,OR,AE,SH,300,61879,68862,68084,1124481,2906110,803590,None
319,2014-07-05 00:00:00,US,KY,IN,AR,192,62040,67842,69733,10231703,3656130,1699503,None
320,2015-09-19 00:00:00,IN,LD,IN,JH,159,6528,13704,17608,2201987,1014910,462965,None
321,2014-10-18 00:00:00,IN,RJ,US,MD,200,64850,68137,69805,13751349,1825812,664971,None
322,2015-05-11 00:00:00,IN,UT,IN,RJ,226,6243,15425,13493,3918264,1096308,319223,None
323,2014-12-16 00:00:00,IN,TN,IN,UT,182,7173,11562,19506,1730672,674827,597971,None
324,2015-09-11 00:00:00,IN,TN,IN,MP,272,5504,12261,18127,1597280,1117958,554991,None
325,2015-01-21 00:00:00,IN,CH,IN,WB,268,8518,19632,15937,3957798,1014755,467600,None
326,2014-05-18 00:00:00,IN,JH,US,NC,251,60557,66238,69356,2689022,2497823,1334364,IN-LD
327,2014-07-11 00:00:00,US,PA,US,UT,226,5041,16577,15211,2265273,903761,281289,None
328,2015-03-07 00:00:00,US,MA,IN,SK,186,60540,67199,69863,2604803,2438969,1537312,None
329,2015-02-27 00:00:00,IN,AP,US,AL,291,63788,69812,68677,13748491,4112295,579200,None
330,2015-09-08 00:00:00,US,ND,US,VT,223,9141,14861,15085,904109,723781,88018,None
331,2014-04-06 00:00:00,US,NE,US,IL,231,8405,13094,19147,2633266,864688,27977,None
332,2015-03-03 00:00:00,IN,BR,US,MA,165,60737,69285,69077,10262117,2849286,1388144,US-MO
333,2014-01-13 00:00:00,US,SC,US,AR,278,5335,12647,16053,1571560,971317,423064,None
334,2014-08-09 00:00:00,IN,HR,US,CO,233,63988,66527,69659,840011,2760918,346126,None
335,2015-06-26 00:00:00,US,PA,US,MO,299,6805,16564,14577,740276,704287,188253,None
336,2015-07-07 00:00:00,IN,TG,US,NV,239,60271,67531,68601,6699730,3745056,634179,IN-GA
337,2014-06-08 00:00:00,US,CT,AE,DU,189,62939,65852,68029,11918718,2026555,1578366,None
338,2014-09-27 00:00:00,US,LA,US,FL,155,7525,13718,15047,2796727,1173547,27809,None
339,2015-01-09 00:00:00,US,OH,US,LA,161,7353,16509,18357,1385555,781061,30473,None
340,2014-06-08 00:00:00,US,FL,IN,MH,199,64444,65333,69757,13491317,2823403,714503,None
341,2014-05-05 00:00:00,AE,UQ,US,MT,155,63073,67360,68261,3823816,3958482,1011325,IN-MN
342,2014-12-04 00:00:00,IN,AN,IN,JK,253,6544,18364,16334,227921,746148,84700,None
343,2014-06-14 00:00:00,IN,GJ,US,AZ,162,61336,67559,69232,8420797,4171483,1627868,US-SC
344,2015-11-10 00:00:00,US,OR,IN,UT,152,61239,65959,69474,845985,3403441,1142730,None
345,2015-02-07 00:00:00,IN,PY,IN,MZ,213,7401,18648,15269,1480162,854193,212332,None
346,2015-07-05 00:00:00,IN,BR,US,KY,205,60929,69759,68461,7853210,1934166,1714541,IN-TG
347,2014-12-24 00:00:00,US,IN,US,AL,284,5674,10166,20000,705663,801275,249093,None
348,2014-07-16 00:00:00,IN,HP,IN,UP,234,5889,15913,14462,1931405,673575,556930,None
349,2014-09-21 00:00:00,IN,GJ,IN,JK,286,7230,15045,18787,1164028,736559,26792,None
350,2014-11-15 00:00:00,US,VA,US,PA,191,7832,16807,14342,3981599,721221,407508,None
351,2014-04-06 00:00:00,IN,OR,IN,SK,170,5050,15921,15637,1925446,1091633,416443,None
352,2014-12-17 00:00:00,US,LA,US,WY,200,6789,16081,17901,2184827,644721,583152,None
353,2015-08-13 00:00:00,IN,MP,IN,PB,186,5860,16449,16926,1124198,1179424,489712,None
354,2014-05-13 00:00:00,US,AR,IN,TN,192,62524,69574,69577,871940,2730090,1337384,None
355,2015-07-07 00:00:00,IN,KA,US,SC,267,64988,66095,68707,1608553,3078127,665999,IN-GA
356,2015-11-01 00:00:00,IN,WB,US,ND,257,60715,65363,68452,9839395,3724208,1558057,US-NJ
357,2015-08-13 00:00:00,IN,MN,US,KS,288,62206,68695,69653,11710269,2809774,1700048,None
358,2014-12-07 00:00:00,US,KY,US,NJ,216,5945,14365,16229,663439,973120,330485,None
359,2014-05-03 00:00:00,IN,MN,US,NV,274,60471,65187,69360,5033819,2747254,836241,US-MO
360,2015-11-05 00:00:00,US,AL,IN,TG,152,61586,66921,68172,8051368,3960236,1079942,None
361,2015-11-05 00:00:00,US,ID,IN,JK,205,62583,66578,69944,3157317,3800123,1075684,None
362,2014-01-10 00:00:00,US,OR,IN,DD,195,61145,69079,68622,2278350,2241845,984908,None
363,2015-04-24 00:00:00,US,LA,US,AK,282,6144,10079,18579,2078381,549581,71734,None
364,2015-09-20 00:00:00,US,MI,US,AR,288,9014,16836,19332,3758482,505499,319600,None
365,2015-10-24 00:00:00,AE,UQ,IN,HR,222,63290,68181,68820,763391,2359261,892262,IN-CH
366,2015-04-03 00:00:00,IN,KA,IN,RJ,297,8379,19034,14348,2509051,736034,109295,None
367,2015-07-26 00:00:00,US,NY,AE,FU,253,62651,65591,69774,4250328,3550316,1236498,None
368,2014-11-22 00:00:00,US,MT,US,SC,186,7409,15385,15679,1091262,840667,401520,None
369,2014-03-21 00:00:00,IN,MP,US,NJ,165,63034,65099,69820,10140923,2710222,1438615,US-MA
370,2015-02-02 00:00:00,IN,UT,US,GA,287,64961,69336,69359,5210218,1947476,927748,None
371,2015-07-28 00:00:00,US,OR,US,FL,264,5920,18797,16200,2426167,904858,287141,None
372,2014-12-15 00:00:00,IN,JH,US,NC,150,62633,66747,68810,8267284,4104881,1780462,IN-MN
373,2014-11-05 00:00:00,IN,AS,US,KY,234,64219,65932,69991,10837253,2096759,1839208,None
374,2014-01-22 00:00:00,AE,FU,IN,KL,298,62760,68682,68389,8221902,3787890,1705638,None
375,2014-06-14 00:00:00,AE,RK,US,NY,254,63399,68514,68712,12575296,2209470,882993,IN-KL
376,2014-12-17 00:00:00,IN,CT,US,MA,175,63821,67312,68913,2571868,4033700,1344013,None
377,2014-05-26 00:00:00,US,WI,AE,UQ,215,64955,65503,69972,12685980,2028000,2073279,None
378,2014-09-22 00:00:00,IN,BR,AE,FU,256,63047,68582,68102,1001089,2534481,1054060,None
379,2015-03-04 00:00:00,IN,AP,US,MS,273,63542,66406,69023,13275988,3424590,1009251,None
380,2015-09-19 00:00:00,IN,GA,IN,UP,274,7152,19297,15291,2536138,510918,67669,None
381,2014-06-13 00:00:00,US,AZ,US,TN,189,6132,13247,14205,3906256,679133,327638,None
382,2014-06-27 00:00:00,US,NH,US,OR,153,7400,17110,14933,3765002,604003,120136,None
383,2014-01-08 00:00:00,US,WV,US,AZ,150,6654,19299,19778,3584608,1069156,458581,None
384,2015-11-14 00:00:00,US,IN,US,RI,291,9377,14421,17545,255106,1137123,129430,None
385,2014-06-07 00:00:00,US,MA,US,GA,208,6010,12133,18345,567200,672901,336518,None
386,2015-11-18 00:00:00,AE,AZ,US,SD,159,63671,66646,69435,1626678,3215913,858401,None
387,2015-12-14 00:00:00,US,NM,IN,CH,172,64721,68090,69828,12378333,3137541,671203,None
388,2014-04-16 00:00:00,US,TN,US,MA,269,9818,12932,18270,1147296,551578,537198,None
389,2014-04-16 00:00:00,IN,NL,US,VA,212,63766,69667,69868,3891253,3957156,318322,US-KS
390,2015-10-25 00:00:00,IN,UT,US,CA,168,64441,66472,69650,11057178,4156991,1316158,US-OK
391,2014-01-23 00:00:00,US,CT,IN,NL,178,63472,68633,69675,8858249,2911799,1204814,IN-TR
392,2015-04-27 00:00:00,US,AL,US,VA,156,8869,16466,19279,995501,882875,507051,None
393,2014-03-21 00:00:00,IN,SK,AE,AZ,160,62764,65416,68147,2769546,3412030,1080310,None
394,2015-10-13 00:00:00,IN,UT,IN,PY,288,5835,18378,19371,2623181,770808,51343,None
395,2015-12-17 00:00:00,IN,AS,US,UT,214,60424,66762,68838,10396180,2410301,1480235,US-NC
396,2015-09-16 00:00:00,US,NC,IN,TG,152,63618,66409,69615,13983605,3637615,599631,None
397,2014-05-07 00:00:00,US,MA,US,ID,158,7318,17896,15860,3547910,810241,153690,None
398,2015-04-21 00:00:00,AE,RK,US,IN,258,60459,65365,69860,12963978,1788195,1332220,None
399,2015-10-02 00:00:00,US,NH,US,CA,261,8743,16742,15554,3660824,752709,306926,None
400,2015-10-08 00:00:00,US,IA,US,ID,245,5994,18288,19018,3892064,514572,149648,None
401,2014-04-16 00:00:00,IN,HP,US,OR,251,62050,67738,68251,5104955,2737587,549188,None
402,2015-01-18 00:00:00,US,AR,US,UT,199,6018,17975,15870,925387,836389,348471,None
403,2015-11-23 00:00:00,IN,UT,US,CT,150,63932,66366,69110,10215380,2532124,1214409,IN-JK
404,2014-12-12 00:00:00,AE,DU,US,NE,239,62185,67481,69890,1021237,3917168,1824283,None
405,2015-12-06 00:00:00,US,WV,IN,KA,255,62238,68813,69368,9763064,4078339,1152608,IN-GJ
406,2014-03-24 00:00:00,IN,CT,AE,SH,169,61061,67994,69984,8083627,2490256,541355,None
407,2015-03-17 00:00:00,US,IN,IN,DD,300,62594,67280,68407,5091616,3355265,490945,AE-DU
408,2014-07-16 00:00:00,US,OH,IN,HR,236,64579,66084,69110,2932388,2965645,1690169,None
409,2014-09-05 00:00:00,IN,MH,IN,AP,210,6047,19932,16325,2478571,1166142,243438,None
410,2015-07-19 00:00:00,AE,SH,IN,LD,290,60657,67114,68644,8037711,2396184,465077,None
411,2014-08-07 00:00:00,US,NC,IN,OR,298,63690,67741,68389,12964839,2490628,1921071,US-IL
412,2015-10-15 00:00:00,IN,MH,US,OK,156,62187,69844,69116,10035475,3422898,409445,None
413,2014-07-05 00:00:00,US,RI,AE,RK,238,61957,65151,69026,10213429,2416290,2040527,None
414,2015-03-23 00:00:00,US,IN,US,ID,268,8731,16279,19896,1870124,918212,450081,None
415,2014-01-10 00:00:00,US,IL,US,TX,250,8382,16678,14384,1764359,803690,35234,None
416,2014-11-01 00:00:00,AE,AZ,US,OK,247,63541,65422,68568,4182224,3712662,1745419,None
417,2014-07-28 00:00:00,US,OR,US,DE,257,7657,17714,17768,3350628,923271,228972,None
418,2015-07-06 00:00:00,US,RI,US,CO,267,9572,14462,15566,3317304,582025,87624,None
419,2014-07-26 00:00:00,IN,LD,US,UT,266,64896,68407,69679,3753419,3665323,353902,None
420,2015-08-06 00:00:00,US,WY,US,SC,218,9694,13121,13517,1894125,1133342,180775,None
421,2015-10-17 00:00:00,IN,HP,US,FL,214,60373,65381,69599,3490261,3030482,453635,US-KS
422,2014-08-26 00:00:00,US,IA,US,NM,300,8380,15361,16734,3147220,855095,211954,None
423,2014-10-14 00:00:00,IN,UP,US,MD,208,63594,66329,68346,10679771,3335320,829079,None
424,2014-09-11 00:00:00,US,OR,US,CA,237,5841,18173,13422,905547,1023884,112236,None
425,2014-05-15 00:00:00,IN,RJ,US,NE,232,64635,69361,68662,11633136,2004751,1381759,None
426,2014-04-20 00:00:00,US,NM,US,IL,236,7566,18700,19054,2510985,773218,432993,None
427,2014-06-04 00:00:00,US,LA,IN,KA,204,60578,65417,69014,2016270,3163270,1862874,None
428,2015-03-25 00:00:00,US,ID,US,AZ,150,9421,19421,14953,3663345,921757,293641,None
429,2014-04-23 00:00:00,IN,TN,IN,MZ,268,7658,13620,17940,3096041,726910,252590,None
430,2014-01-02 00:00:00,US,MN,US,ID,165,9768,18660,18516,3615365,688269,436141,None
431,2014-08-01 00:00:00,IN,SK,IN,LD,266,9685,18211,16416,2192164,901459,86387,None
432,2015-10-05 00:00:00,US,OH,US,WI,280,9885,19988,15898,2168555,1186882,188230,None
433,2014-11-07 00:00:00,US,KS,US,NJ,268,8589,13028,16877,2294035,786654,318996,None
434,2014-01-23 00:00:00,IN,DN,US,WV,223,63836,68971,69151,2357579,2051556,429588,None
435,2015-01-04 00:00:00,US,KS,US,OH,162,5827,10400,16448,2533879,1110491,342368,None
436,2014-02-26 00:00:00,US,AZ,IN,CH,186,63362,66616,69072,12869870,2676560,1937137,US-VT
437,2014-11-09 00:00:00,US,KY,US,OR,254,5715,12162,17872,3003723,939235,224068,None
438,2014-03-21 00:00:00,AE,AZ,IN,WB,298,63837,66456,69639,8056919,2402718,1390322,None
439,2015-01-15 00:00:00,IN,JK,IN,UP,255,7189,18712,17309,1998271,847323,568901,None
440,2015-12-02 00:00:00,US,DE,IN,TG,221,64597,65367,69595,2814508,3411629,976734,US-NE
441,2014-11-05 00:00:00,US,MN,IN,AS,253,60904,67781,68517,9060693,3441780,1089480,US-ME
442,2014-05-03 00:00:00,US,GA,IN,WB,289,61603,69440,69821,1938572,3446863,1045275,IN-TG
443,2015-10-28 00:00:00,US,MN,AE,SH,240,62524,69027,68824,8023762,2618863,485701,US-OR
444,2015-09-25 00:00:00,IN,AP,IN,TN,242,6494,13691,19365,2839728,800367,361804,None
445,2014-07-27 00:00:00,US,MS,IN,NL,161,63392,65768,68019,10839901,3021613,1380166,AE-DU
446,2014-11-15 00:00:00,US,OK,US,NJ,288,9472,17825,15907,885149,682067,82743,None
447,2014-03-15 00:00:00,IN,LD,US,NC,204,61837,68664,69306,1050575,2001811,1950598,None
448,2015-06-19 00:00:00,AE,FU,IN,TN,174,61681,67428,68036,7991126,2801996,2027959,IN-AN
449,2015-01-12 00:00:00,IN,MZ,IN,JK,254,5606,13148,18766,3337060,627103,159978,None
450,2015-11-21 00:00:00,US,NC,IN,TR,203,62699,69117,69084,13219716,2919048,979286,AE-DU
451,2014-05-26 00:00:00,US,AZ,AE,SH,213,62604,65283,68671,5853722,2431500,396835,US-SD
452,2015-11-14 00:00:00,IN,JK,US,OK,299,62414,66702,68972,11024509,3252419,545289,IN-ML
453,2015-01-15 00:00:00,IN,CH,AE,RK,186,62486,67968,68488,8770635,4082288,995123,AE-SH
454,2014-09-12 00:00:00,IN,HP,IN,PB,263,6886,11111,18496,2262043,659089,528835,None
455,2014-07-07 00:00:00,IN,MN,IN,CH,235,6296,10153,18699,2535805,573144,535409,None
456,2015-01-16 00:00:00,IN,SK,AE,AZ,286,62842,66247,68562,11351026,1916674,1289686,None
457,2015-12-09 00:00:00,IN,MP,IN,UT,177,6289,15138,18752,1022286,921165,450643,None
458,2014-02-23 00:00:00,IN,JK,US,OH,153,64727,69637,68737,10544897,1759391,1222201,IN-SK
459,2014-01-25 00:00:00,IN,AP,IN,CH,232,5133,14050,18039,3727696,1018354,511496,None
460,2014-05-28 00:00:00,IN,HR,IN,GJ,182,8035,15813,19789,2965484,855832,332607,None
461,2014-09-12 00:00:00,US,DE,US,GA,233,5323,15227,15773,3810329,573194,219483,None
462,2015-05-19 00:00:00,US,IN,US,MS,214,5289,14514,18605,1330337,1092694,346258,None
463,2014-11-15 00:00:00,IN,GJ,IN,PY,213,8332,11336,19610,2149099,820740,169822,None
464,2014-01-04 00:00:00,US,WA,IN,OR,296,62380,65127,68415,6539928,3517347,575672,None
465,2014-02-15 00:00:00,US,WI,US,OH,153,7897,16774,13951,452480,875314,271055,None
466,2015-06-25 00:00:00,IN,MN,US,SC,297,63032,65129,68512,11199303,1896444,1173220,IN-HP
467,2014-01-17 00:00:00,US,MD,IN,CT,268,60692,66176,69059,2646555,2593526,316952,None
468,2014-01-13 00:00:00,US,NV,US,PA,209,8646,15365,14530,1034586,700590,518246,None
469,2014-08-22 00:00:00,US,CA,US,GA,238,6159,19276,19274,3706829,816769,223576,None
470,2014-07-26 00:00:00,US,WI,IN,ML,284,60153,65289,68799,10934429,3539744,1649468,None
471,2015-10-17 00:00:00,IN,WB,US,WY,155,61477,68420,69984,1576395,3653856,1752202,None
472,2015-12-28 00:00:00,AE,SH,US,NJ,249,63568,68561,68762,11001028,3147853,1331775,US-OK
473,2015-09-16 00:00:00,US,OH,US,AK,153,8425,16071,18757,1439473,839905,42780,None
474,2015-02-26 00:00:00,US,CO,IN,MH,230,61271,68602,68929,7920345,3832108,595358,None
475,2015-01-25 00:00:00,IN,AN,US,NJ,261,62591,67233,69538,13709052,1915087,894506,US-PA
476,2014-04-11 00:00:00,IN,AS,US,FL,256,61878,66185,69472,2528747,2538997,396340,None
477,2015-08-14 00:00:00,US,FL,IN,GA,291,63345,65747,69279,6576123,2308357,403870,None
478,2014-11-03 00:00:00,IN,HR,IN,CH,288,5789,14491,18422,1541163,554872,181488,None
479,2014-02-01 00:00:00,IN,GJ,IN,DN,199,9546,19414,17939,3089894,745053,153401,None
480,2014-01-03 00:00:00,US,DE,IN,AR,174,62234,65742,68350,6125735,3280625,493784,US-NC
481,2015-07-13 00:00:00,US,VT,US,KS,222,5435,13998,15390,2135217,539257,499835,None
482,2015-05-05 00:00:00,IN,UP,IN,WB,226,7319,19979,14075,1925848,712466,141079,None
483,2015-12-17 00:00:00,IN,DL,US,AK,210,64059,68273,68501,13992134,3696077,732624,None
484,2014-09-08 00:00:00,US,FL,US,NH,221,5208,13357,16314,2245510,1114799,351465,None
485,2014-11-20 00:00:00,IN,JH,AE,FU,185,61988,68255,69215,5626758,2017565,1881284,None
486,2014-12-14 00:00:00,AE,AJ,US,LA,150,64594,66017,68112,4135197,2804719,1594528,None
487,2014-08-28 00:00:00,IN,JH,IN,GA,164,9119,17001,14000,3906220,1034316,457092,None
488,2014-09-28 00:00:00,IN,JH,US,OR,267,60690,66269,68991,10656935,3056159,1310466,IN-DD
489,2014-07-22 00:00:00,US,KY,IN,TR,175,60854,67022,69096,7666785,2266304,1899754,US-MS
490,2014-09-14 00:00:00,US,NE,US,VT,252,5906,12756,18547,1841581,561873,192279,None
491,2015-05-16 00:00:00,IN,OR,US,TN,192,62451,69000,69612,6707558,2877515,927606,None
492,2014-02-09 00:00:00,IN,MH,US,AZ,224,61889,68519,69323,8502493,2917804,1082442,AE-AZ
493,2014-02-08 00:00:00,IN,AR,IN,OR,252,8513,17976,14751,2225291,629682,218887,None
494,2015-07-21 00:00:00,IN,HP,IN,JH,229,8444,16857,14223,2285403,1009349,316553,None
495,2014-05-03 00:00:00,US,FL,US,DE,292,5488,18741,18261,206227,707270,492122,None
496,2014-03-21 00:00:00,US,RI,US,IL,210,6111,11971,18753,667209,1047050,372529,None
497,2015-04-16 00:00:00,US,VT,US,OR,164,5657,14194,19867,3746977,960842,170394,None
498,2015-05-20 00:00:00,US,CO,US,NM,265,5953,13869,18999,2547292,739154,471466,None
499,2014-02-17 00:00:00,US,NC,US,WI,237,5841,19818,18053,3354130,1164258,497674,None
500,2014-06-16 00:00:00,US,TN,IN,DL,293,61029,67517,68408,6295378,1845540,1756091,None
501,2014-12-11 00:00:00,IN,MZ,US,NV,154,63040,65664,69015,10675274,2031226,1634794,AE-RK
502,2015-09-26 00:00:00,IN,AR,IN,LD,230,5163,13852,15391,1768824,553263,582660,None
503,2015-05-09 00:00:00,IN,MP,US,NJ,165,61301,66820,68436,3415289,2193702,1562712,None
504,2014-05-19 00:00:00,IN,UP,US,PA,243,62993,67089,68704,9057670,4145178,843104,None
505,2015-06-20 00:00:00,IN,PY,IN,MP,288,8932,17982,13186,1967095,633154,51026,None
506,2014-07-14 00:00:00,AE,RK,IN,JK,164,62317,65277,68246,5156480,3663252,928140,IN-DN
507,2014-09-18 00:00:00,AE,SH,US,ID,204,62248,67614,68847,10780094,1768811,1816861,US-SC
508,2015-04-12 00:00:00,IN,MH,IN,UT,202,9875,18025,18763,2744916,548976,560355,None
509,2014-06-10 00:00:00,US,MT,IN,LD,179,62879,68630,68248,9003521,3488267,1923884,IN-KA
510,2014-04-24 00:00:00,IN,MZ,US,MI,280,63617,67144,69244,8783929,3117091,985336,None
511,2014-07-11 00:00:00,AE,AJ,US,MD,238,61656,66460,69034,3723622,2362273,1652445,None
512,2014-02-11 00:00:00,US,NE,IN,JH,294,61223,69894,69118,4372747,3794898,2019310,AE-DU
513,2015-01-22 00:00:00,IN,DD,US,SD,251,61025,66353,69904,4948444,2039204,2054667,None
514,2015-08-02 00:00:00,IN,OR,IN,GJ,250,7986,14910,17538,2276240,680209,58753,None
515,2015-04-22 00:00:00,IN,BR,IN,MN,276,8122,12892,19591,3287687,1160360,190961,None
516,2014-08-28 00:00:00,IN,JK,IN,AS,277,5924,10848,14617,331047,533147,366701,None
517,2015-08-16 00:00:00,IN,MZ,US,SD,279,60741,69008,69131,13874398,3316314,443148,None
518,2014-03-11 00:00:00,US,OH,US,UT,241,8420,15548,13993,347361,1170172,235396,None
519,2015-04-27 00:00:00,US,AK,IN,JH,195,61398,66341,69839,12882383,2289343,1092397,None
520,2014-03-10 00:00:00,IN,DN,AE,DU,292,62582,65090,68488,4519012,3471064,1464223,IN-HR
521,2014-06-09 00:00:00,US,ND,US,KS,224,8427,14088,17905,991229,668644,190109,None
522,2014-03-06 00:00:00,IN,GJ,US,TN,159,62461,68668,68161,9304189,2254761,1850315,None
523,2014-12-02 00:00:00,IN,AS,AE,AZ,157,60492,65634,68923,7219717,2390675,1300820,US-CA
524,2014-01-11 00:00:00,AE,AZ,US,WA,296,60589,65609,68851,3651611,3166879,1611762,None
525,2014-12-01 00:00:00,US,MA,IN,HP,299,63128,69158,69840,11974153,4192170,543838,None
526,2014-02-27 00:00:00,AE,AZ,US,AZ,255,60427,68200,69704,7386696,3697750,1588208,IN-WB
527,2014-05-19 00:00:00,IN,AS,IN,MN,168,6344,13831,18611,541105,744085,378829,None
528,2014-11-18 00:00:00,US,AL,IN,TR,231,64658,65269,69602,3790971,3033001,631975,US-CT
529,2014-07-23 00:00:00,US,RI,AE,RK,220,61098,66588,69149,6495306,1953013,824854,IN-PY
530,2014-02-07 00:00:00,IN,HR,US,AR,294,64166,68244,68301,3126546,4105167,1244192,None
531,2014-07-13 00:00:00,IN,GA,IN,AN,240,6624,10286,14770,3666006,688627,532727,None
532,2014-02-17 00:00:00,IN,TN,US,WI,233,61552,68176,69985,647667,1844358,451728,None
533,2015-09-07 00:00:00,AE,DU,US,NY,298,63521,65092,68602,2139731,3209014,1104892,None
534,2015-09-08 00:00:00,AE,AJ,IN,AS,227,62840,67387,68351,3780379,1771437,414736,IN-RJ
535,2014-07-15 00:00:00,US,HI,AE,UQ,150,63242,67107,69888,4935508,3923806,2018235,US-UT
536,2015-02-19 00:00:00,IN,UT,US,FL,249,61815,67789,69448,7073868,2344802,932664,US-ND
537,2014-03-02 00:00:00,IN,SK,AE,AZ,160,60443,69270,68788,3547132,3222217,516985,None
538,2015-03-14 00:00:00,US,MD,US,KY,252,5607,14354,14967,3356858,695509,315251,None
539,2015-10-04 00:00:00,IN,MH,US,WV,205,61320,65253,69034,9544573,2753695,417581,US-VA
540,2015-02-23 00:00:00,US,VT,AE,SH,199,64347,69321,68873,11886634,3243743,1271160,None
541,2014-03-28 00:00:00,AE,RK,IN,NL,296,60669,68728,68815,12006760,3255161,1033859,IN-TG
542,2015-12-19 00:00:00,US,MS,US,KS,176,8122,10368,18503,3090938,617327,122205,None
543,2014-11-18 00:00:00,IN,PB,AE,UQ,152,60685,68050,68161,10733251,3538787,1117870,None
544,2015-10-22 00:00:00,US,KY,IN,WB,285,60058,65204,68953,10560673,2429803,1409325,IN-OR
545,2014-07-25 00:00:00,IN,HR,US,PA,196,60917,69897,69190,4255533,3723955,1683256,US-ME
546,2015-12-27 00:00:00,US,NV,US,MT,190,9814,15572,14359,2057785,1151109,231087,None
547,2015-04-25 00:00:00,US,KS,US,MO,183,8724,13944,15720,795232,773639,443881,None
548,2014-04-16 00:00:00,US,WA,IN,AN,284,63495,67677,68617,11218240,1957480,850936,US-UT
549,2015-06-24 00:00:00,IN,CT,IN,UT,224,5626,14061,18248,1531879,1119594,199418,None
550,2015-09-06 00:00:00,US,NM,US,SD,247,8939,13780,15391,541983,727959,319065,None
551,2015-08-11 00:00:00,US,AL,US,NE,204,7377,16899,13284,1703375,879028,500080,None
552,2015-03-22 00:00:00,US,OR,US,MO,289,6516,10412,17203,1591241,741742,573335,None
553,2015-10-24 00:00:00,IN,ML,IN,KA,293,6917,17852,15441,1507942,680312,449662,None
554,2015-07-21 00:00:00,US,MN,US,ND,198,5183,15282,18543,1519459,617692,97858,None
555,2014-02-21 00:00:00,US,WV,IN,NL,250,60775,69619,69203,4459446,3145706,1986763,None
556,2015-02-20 00:00:00,US,TN,US,SD,240,5968,11996,14015,3909244,996065,400015,None
557,2014-04-09 00:00:00,US,CA,IN,PY,221,64194,69326,69003,7979714,3641589,1947155,IN-NL
558,2015-05-15 00:00:00,US,OH,US,ND,289,9745,13584,18403,3114953,752055,343869,None
559,2015-04-28 00:00:00,IN,RJ,US,WA,188,64255,67555,68496,7063919,3431064,1693854,None
560,2015-03-15 00:00:00,IN,CT,US,VT,245,62276,65012,69775,4260989,2488087,1033859,IN-JH
561,2014-09-28 00:00:00,AE,FU,AE,SH,186,8485,10160,14438,2927357,618640,591635,None
562,2015-05-03 00:00:00,US,KS,IN,TG,254,62553,69808,69034,9207293,2280247,849889,IN-AS
563,2015-12-16 00:00:00,US,GA,AE,FU,179,63514,68994,69073,2097650,3177963,1848126,None
564,2014-01-12 00:00:00,US,MA,IN,BR,218,60550,69487,69609,1617012,3697989,1243114,IN-CH
565,2015-11-03 00:00:00,US,AZ,US,UT,289,7052,12318,16777,949041,683244,144773,None
566,2014-12-04 00:00:00,IN,BR,AE,SH,286,63552,69911,69608,12641246,3789674,1987028,US-WI
567,2015-06-12 00:00:00,US,ME,US,OH,198,5007,18667,13283,241194,935237,331736,None
568,2014-10-21 00:00:00,US,CO,US,SC,292,9262,16777,17365,1068475,614262,241388,None
569,2015-04-21 00:00:00,IN,MZ,US,NE,260,64132,68230,69040,6916440,3917929,664155,IN-DN
570,2014-08-07 00:00:00,IN,AN,IN,HR,239,6953,12211,17197,3156462,1138068,597479,None
571,2015-07-24 00:00:00,US,CO,US,NC,172,8109,17004,14425,3093484,1166982,33241,None
572,2015-10-13 00:00:00,US,IL,US,MO,187,6859,10378,15573,3859899,554365,353127,None
573,2015-04-19 00:00:00,US,SD,US,TN,260,8207,17108,18540,289097,727085,409161,None
574,2014-03-26 00:00:00,US,NY,US,LA,221,5385,15516,13859,1641272,579730,307799,None
575,2015-10-13 00:00:00,AE,FU,AE,UQ,183,6017,14639,14222,1059335,873944,269285,None
576,2015-09-24 00:00:00,IN,HP,IN,PB,169,8084,12888,17749,3347243,727424,415868,None
577,2014-10-13 00:00:00,US,OR,US,AL,289,8229,12969,18495,2261844,949855,264772,None
578,2014-12-21 00:00:00,IN,GJ,US,OH,288,63861,69321,69661,10003587,3521215,2081499,None
579,2014-09-11 00:00:00,IN,AN,US,AZ,162,63617,65129,68442,2009527,3812973,1170394,US-IN
580,2015-08-03 00:00:00,US,MA,US,PA,275,5016,13467,16089,1045678,1139509,434527,None
581,2015-11-09 00:00:00,IN,ML,US,VT,202,60870,68263,68832,9563588,2171483,1270937,US-NE
582,2014-07-05 00:00:00,IN,LD,US,WA,191,63251,68376,68735,7562229,3830494,974979,None
583,2015-11-27 00:00:00,US,TX,US,NY,203,9643,17067,14315,1233575,1012895,444597,None
584,2014-09-28 00:00:00,US,NC,US,AK,269,8540,15033,13549,1050608,891676,212193,None
585,2015-04-05 00:00:00,US,VT,US,AK,219,9337,12913,15026,1923227,506127,585796,None
586,2014-02-17 00:00:00,US,CT,US,ME,268,9829,19000,18477,2942392,1065815,544789,None
587,2015-07-24 00:00:00,US,WV,IN,HR,205,62151,65110,68153,6870730,3390004,787979,US-IL
588,2014-04-25 00:00:00,AE,FU,US,KY,283,64057,67689,68926,7064207,3572072,757285,AE-AJ
589,2015-12-06 00:00:00,US,SD,US,KS,209,9119,14053,16417,2848207,961771,190240,None
590,2014-08-01 00:00:00,US,NE,IN,HR,153,62894,65549,68823,6707882,3038799,1246550,None
591,2015-06-03 00:00:00,IN,AN,US,UT,264,63187,69453,69988,2163764,2349802,956721,None
592,2014-07-13 00:00:00,US,MO,US,PA,166,7189,16694,18276,1122840,817280,318961,None
593,2015-09-20 00:00:00,IN,HR,AE,AZ,265,63425,66925,69644,1777302,2094845,2010592,None
594,2014-06-18 00:00:00,IN,MZ,US,KY,274,64616,68341,68831,4314811,3824940,1950213,None
595,2014-11-18 00:00:00,US,CT,US,WI,212,5438,13505,19762,3306888,509214,457058,None
596,2014-07-11 00:00:00,US,AZ,US,CT,228,8133,15609,13959,2952933,1055948,443910,None
597,2015-10-17 00:00:00,US,MO,IN,TG,265,64873,67991,68570,13657831,3815996,998610,IN-TN
598,2015-01-25 00:00:00,IN,DL,US,FL,286,64615,67271,68954,9526441,1985867,2079294,IN-MH
599,2014-01-07 00:00:00,US,NC,US,KY,209,9638,15154,13917,1541594,848053,173526,None
600,2015-03-11 00:00:00,AE,AZ,US,GA,206,60557,68490,68265,7401639,3607717,1728684,IN-RJ
601,2014-08-27 00:00:00,US,IN,US,WY,297,7545,12790,14336,1358571,596991,373864,None
602,2015-05-22 00:00:00,US,RI,US,OR,181,9563,12232,17286,1522906,888131,436616,None
603,2015-02-08 00:00:00,US,VT,US,DE,202,6499,15704,17132,266081,1009751,444859,None
604,2015-02-01 00:00:00,IN,JH,US,MS,185,63666,68137,68456,3202036,3484898,1657344,None
605,2014-10-18 00:00:00,AE,FU,US,KY,280,61202,67730,69592,12853767,3801405,967883,None
606,2014-08-06 00:00:00,US,IL,US,MN,245,7060,15410,17536,1367201,1004560,41880,None
607,2015-08-22 00:00:00,IN,TG,US,MO,215,60500,66384,68851,7026905,3240441,1109120,IN-DN
608,2014-03-21 00:00:00,US,NC,IN,AR,186,63944,65373,69887,10039751,3583682,1857512,None
609,2014-11-20 00:00:00,IN,AP,IN,HR,183,5230,11064,16408,2818731,599266,372668,None
610,2015-04-03 00:00:00,IN,UP,AE,SH,194,63793,65415,68358,11664878,2474270,1462793,US-NY
611,2015-12-10 00:00:00,US,GA,US,CT,177,9840,17363,16941,2253946,1063556,95513,None
612,2015-08-01 00:00:00,US,FL,US,IA,216,5751,14615,15374,655475,1050730,417562,None
613,2014-09-28 00:00:00,AE,UQ,US,MA,154,62974,67061,69128,6148377,2730908,818296,None
614,2014-06-03 00:00:00,IN,AN,AE,AZ,164,63134,65774,68356,5119760,2182472,696337,None
615,2014-02-15 00:00:00,US,AL,US,LA,201,9355,11171,19131,3485813,881569,394458,None
616,2015-07-11 00:00:00,US,MN,US,VA,292,6828,15826,16722,3244719,946838,183244,None
617,2014-01-12 00:00:00,US,NY,US,DE,163,9930,11153,13630,1237530,635009,361234,None
618,2014-12-22 00:00:00,IN,TN,IN,DD,174,9448,10095,15856,389719,744648,118297,None
619,2014-06-21 00:00:00,IN,TG,IN,WB,263,6428,16317,17048,2223836,769727,254532,None
620,2015-06-10 00:00:00,US,LA,US,HI,168,8974,10966,19195,1234299,568978,381197,None
621,2015-01-07 00:00:00,US,CT,US,NH,218,9168,15249,18132,3137287,722162,65417,None
622,2014-04-27 00:00:00,US,RI,US,MA,206,5335,14017,16109,309895,642316,101090,None
623,2014-11-14 00:00:00,IN,WB,IN,TR,174,7008,18152,13124,665308,700237,52102,None
624,2015-09-19 00:00:00,US,OH,US,OK,294,9101,19458,14607,3922260,1071088,400466,None
625,2014-08-14 00:00:00,US,HI,US,IL,259,6841,11524,16094,3868461,1170808,254473,None
626,2015-08-22 00:00:00,US,MS,US,NV,229,6739,19879,17798,2933350,1096445,116759,None
627,2014-04-20 00:00:00,US,CO,IN,DL,241,60934,65893,68494,6050693,3994648,526741,US-NJ
628,2014-07-19 00:00:00,US,MO,IN,MP,183,60343,66489,68380,13705702,3688537,1008866,US-LA
629,2015-01-03 00:00:00,IN,AR,US,UT,293,62913,69316,69360,9289175,3114425,424774,US-NE
630,2014-05-19 00:00:00,US,IA,US,LA,210,9208,19720,13188,2984844,517389,289887,None
631,2014-03-22 00:00:00,AE,AZ,US,TN,157,62368,69718,68089,2933408,3376512,2062326,US-HI
632,2014-01-18 00:00:00,US,WI,US,OR,213,8974,10322,16045,2821296,695458,429648,None
633,2014-10-01 00:00:00,IN,RJ,US,TN,267,60938,69561,68636,8709944,1787956,331265,IN-AR
634,2015-02-21 00:00:00,IN,MH,US,IL,273,60276,67292,69580,8302794,3067337,1714865,None
635,2015-02-26 00:00:00,US,TX,US,MT,272,8779,18598,16088,1289729,861806,591917,None
636,2015-09-12 00:00:00,AE,UQ,US,UT,227,61184,69743,69019,1891995,3905415,1065296,None
637,2014-02-27 00:00:00,US,MI,IN,AS,207,60482,68356,68328,1897323,3891948,1238177,IN-AP
638,2014-04-19 00:00:00,US,MA,US,NJ,162,8856,19388,18624,2391965,821765,511668,None
639,2015-02-04 00:00:00,IN,CH,US,DE,186,61762,67490,68595,8627890,2606724,1472028,None
640,2015-04-18 00:00:00,US,UT,IN,AP,228,60337,68156,69580,7655727,2157238,1037551,None
641,2014-02-25 00:00:00,AE,AZ,IN,BR,202,60106,69606,69485,3337882,1919949,611406,US-HI
642,2015-12-27 00:00:00,US,KS,IN,PY,159,60195,68011,69233,2818771,2725041,359226,IN-DL
643,2015-03-07 00:00:00,US,LA,IN,TR,252,60162,66757,69297,13352437,2426336,870303,IN-KL
644,2015-02-18 00:00:00,US,VA,US,SC,257,7936,16347,13252,1459914,798395,128708,None
645,2014-02-07 00:00:00,US,SC,US,NH,249,5341,17815,14892,2070842,1043665,455786,None
646,2014-09-19 00:00:00,US,WI,US,OR,243,9159,19474,18154,3269333,783248,123358,None
647,2014-11-28 00:00:00,US,KY,IN,CT,171,60841,68024,69838,5820098,1850494,422279,None
648,2014-09-23 00:00:00,US,HI,IN,TN,246,63866,69747,69095,4622083,3927921,952440,None
649,2015-07-17 00:00:00,US,IN,US,OH,150,6827,17857,17411,3071407,1189928,305464,None
650,2014-07-08 00:00:00,IN,AP,AE,RK,209,62428,66142,68257,5564033,3174233,1171702,IN-LD
651,2014-05-04 00:00:00,US,WV,US,AK,285,5534,16801,13758,2323030,1181535,555217,None
652,2014-06-01 00:00:00,IN,AS,US,MI,245,63476,67966,69936,6718264,2296657,594976,None
653,2015-02-01 00:00:00,AE,DU,IN,DL,276,63292,68851,69644,7387832,2411252,1560909,US-IL
654,2014-12-13 00:00:00,IN,MP,US,WA,199,61509,66187,69355,1163505,3181443,761339,IN-HP
655,2014-04-05 00:00:00,IN,NL,IN,RJ,176,7467,12873,17824,2576687,783500,377386,None
656,2014-05-23 00:00:00,AE,AZ,US,TX,257,64283,65976,69070,8053940,2887554,1403796,US-MA
657,2015-07-24 00:00:00,US,MS,IN,CH,153,64972,68572,69803,7144624,2189123,1861068,None
658,2015-05-10 00:00:00,US,VT,IN,UP,155,62867,66127,68102,7777100,3552415,1505808,AE-FU
659,2014-06-24 00:00:00,US,MI,US,VT,166,6570,11421,19761,354268,997987,98723,None
660,2015-02-23 00:00:00,US,GA,AE,DU,240,61153,67701,68562,8330249,2694035,646310,US-MN
661,2015-10-26 00:00:00,US,WA,US,WV,175,6907,10694,17158,2565047,813087,423483,None
662,2015-01-05 00:00:00,US,KY,IN,MZ,297,61649,65307,69941,10633049,2253521,1970391,None
663,2015-07-03 00:00:00,IN,LD,IN,RJ,297,8728,11671,19779,3457168,1077733,256720,None
664,2015-12-21 00:00:00,US,MS,US,VA,255,7757,18862,19513,2789204,652556,491604,None
665,2015-06-12 00:00:00,US,OK,AE,AJ,169,62643,69510,68748,5429999,2659332,449029,IN-WB
666,2015-08-10 00:00:00,IN,CH,US,OH,244,63127,65267,69500,2087101,2574177,672003,US-OR
667,2015-04-28 00:00:00,IN,JH,IN,WB,283,8713,16869,13090,1524631,740736,549288,None
668,2015-10-07 00:00:00,US,HI,US,NV,285,5913,17115,18266,2960530,1050835,491835,None
669,2015-10-06 00:00:00,US,VT,IN,PB,182,63368,69071,68700,3184827,2567673,1697221,None
670,2014-01-26 00:00:00,IN,NL,IN,GA,279,9834,18878,18068,908829,642227,448992,None
671,2015-11-26 00:00:00,US,IN,IN,MZ,279,61524,66236,68152,8804431,2686654,1413764,IN-ML
672,2014-03-28 00:00:00,US,MD,AE,DU,202,63802,69321,69113,7091392,3343114,801963,None
673,2014-01-03 00:00:00,IN,ML,IN,HR,157,6478,11742,19252,2160052,634665,199177,None
674,2014-02-07 00:00:00,IN,OR,US,AZ,285,63099,66139,69611,6000930,2304004,829562,US-NM
675,2014-10-27 00:00:00,US,LA,US,OK,165,7319,19910,15539,1196785,963750,382366,None
676,2014-11-08 00:00:00,US,MD,US,MI,202,5154,15650,15045,1585625,1119856,41062,None
677,2014-12-14 00:00:00,US,NM,IN,SK,299,64492,66680,68695,6063472,3781638,760155,US-SC
678,2015-03-12 00:00:00,US,PA,US,NJ,187,9452,10763,15806,3455935,1116351,322639,None
679,2014-03-01 00:00:00,US,VA,AE,DU,202,63773,67225,69242,11991737,3391062,1674069,None
680,2014-04-09 00:00:00,US,MD,AE,UQ,230,60675,67372,69265,7547320,1821607,491882,US-ND
681,2014-12-17 00:00:00,US,FL,AE,FU,176,62418,69101,69377,9192664,2065654,1336685,None
682,2014-03-28 00:00:00,IN,LD,US,FL,227,62566,65209,68819,1502298,2320169,1544867,IN-MH
683,2014-09-07 00:00:00,US,NC,US,ME,241,9769,13561,19496,1617236,1185481,196761,None
684,2014-02-05 00:00:00,IN,AR,IN,JH,205,9159,10516,14669,629636,639029,536911,None
685,2014-04-10 00:00:00,IN,HR,IN,TG,242,6887,14296,14463,2518123,657967,334675,None
686,2014-07-09 00:00:00,IN,GA,US,NH,279,64173,67652,68677,3087926,3679016,956402,None
687,2015-10-07 00:00:00,US,CT,US,OH,215,8263,11753,15725,2727879,556671,296820,None
688,2015-02-03 00:00:00,IN,DL,US,AK,176,64124,68849,68372,13035516,3648867,1627731,None
689,2014-03-17 00:00:00,IN,WB,US,IL,168,64550,68288,68131,10333438,3374709,1361745,AE-DU
690,2014-03-28 00:00:00,US,MI,IN,DD,281,62735,69469,69378,2010462,3515170,2098887,IN-UT
691,2015-07-21 00:00:00,US,HI,US,IN,205,9026,12687,15502,870367,818312,174226,None
692,2014-03-27 00:00:00,US,CA,IN,DD,174,60413,69175,68955,11166018,2038968,882397,IN-LD
693,2015-02-04 00:00:00,IN,OR,US,KS,270,63532,66000,69101,12520883,2505423,778775,None
694,2014-01-20 00:00:00,US,ME,US,FL,232,6873,15018,15172,3606638,689314,422164,None
695,2014-07-21 00:00:00,AE,FU,IN,WB,175,60780,66494,68155,7290435,2198385,529224,None
696,2014-01-09 00:00:00,US,NH,US,MI,193,8731,19670,16653,3089437,946779,235377,None
697,2015-12-26 00:00:00,US,MS,IN,MZ,244,60966,69011,69685,4617147,2250816,2033961,None
698,2014-12-25 00:00:00,US,SC,IN,DL,285,61909,67922,68761,10385930,3477528,1932366,US-MN
699,2015-06-06 00:00:00,US,AL,US,NJ,262,7816,15300,15406,248791,750248,292201,None
700,2015-09-27 00:00:00,IN,DD,US,MO,220,63452,67192,68361,10190826,3679851,1787875,None
701,2014-06-10 00:00:00,IN,MH,IN,PB,296,5632,15012,13542,3544355,709912,425370,None
702,2015-05-10 00:00:00,US,CO,US,NV,181,5834,16042,16141,2740283,976081,234362,None
703,2015-09-05 00:00:00,IN,PB,IN,AR,275,6129,15773,17072,2510343,799674,455780,None
704,2015-09-25 00:00:00,IN,AP,IN,MP,216,8709,14166,15262,2643457,946411,386817,None
705,2014-12-08 00:00:00,US,SC,IN,AR,197,63545,67521,68604,8157734,2531417,1693727,IN-TN
706,2014-05-04 00:00:00,US,CA,IN,PB,177,62016,68054,69601,983567,2661480,936331,US-SC
707,2015-12-22 00:00:00,US,OK,IN,TN,229,60606,65591,69041,5204258,3263238,1710992,IN-UP
708,2015-05-18 00:00:00,US,MO,US,NY,284,6266,14560,14704,2821879,627602,287231,None
709,2015-06-16 00:00:00,IN,OR,US,AZ,278,60328,68052,68066,9892007,4033764,1196625,None
710,2014-06-18 00:00:00,IN,AP,IN,MN,217,8881,14802,17617,1027853,869547,305784,None
711,2014-12-12 00:00:00,US,DE,US,WV,174,9990,16125,13173,2937247,632241,58381,None
712,2015-02-24 00:00:00,US,DE,IN,LD,262,61957,69016,68398,3955851,2496798,1118122,None
713,2014-07-19 00:00:00,US,AL,US,NY,219,9252,11059,13773,2986376,552773,204124,None
714,2015-03-01 00:00:00,US,MS,US,AR,286,8417,16734,16827,3974636,1083290,199141,None
715,2014-01-24 00:00:00,AE,RK,IN,MN,223,61603,68344,69259,10899925,4042038,1850234,None
716,2014-01-07 00:00:00,IN,WB,IN,SK,255,8520,11142,13493,1233988,683780,363517,None
717,2015-03-14 00:00:00,IN,WB,US,MT,152,61255,67309,69143,11024932,4131115,682333,IN-DD
718,2014-08-01 00:00:00,IN,HP,IN,KA,150,7199,19083,19089,3546330,1077370,106051,None
719,2014-04-25 00:00:00,AE,SH,US,VA,230,62345,67832,68891,5985360,4033538,1096495,IN-RJ
720,2014-09-28 00:00:00,US,AL,US,AZ,276,7634,19492,13568,3539113,939515,55484,None
721,2015-03-19 00:00:00,IN,SK,IN,GJ,165,5026,17211,13494,1370936,543439,504343,None
722,2015-07-05 00:00:00,IN,SK,US,AL,181,62943,67147,69762,6667363,2215115,1672966,None
723,2014-12-08 00:00:00,US,HI,IN,GA,200,62247,65900,68551,6191507,2009375,833985,None
724,2014-10-22 00:00:00,US,WI,US,WY,163,5885,13343,14287,2555282,720432,404124,None
725,2014-05-04 00:00:00,IN,MZ,US,KS,175,60039,66635,69106,6117402,4162936,1502789,IN-GJ
726,2014-02-01 00:00:00,IN,AP,AE,DU,207,62970,67287,69075,3232941,2969750,1944762,None
727,2015-02-02 00:00:00,US,SD,US,ME,160,9268,14344,19623,3032762,621857,209283,None
728,2015-10-13 00:00:00,AE,SH,IN,TN,273,61418,69891,69790,5681960,2114297,1545335,None
729,2015-10-28 00:00:00,IN,JK,IN,GJ,191,6923,17480,16771,2181826,585960,244994,None
730,2015-07-26 00:00:00,US,TX,US,MI,259,5089,19695,15440,1932095,585161,314998,None
731,2015-05-14 00:00:00,US,SD,US,MO,160,8110,14131,17400,856925,838265,85412,None
732,2015-03-14 00:00:00,US,UT,US,GA,214,6681,17571,13939,1528799,1086904,387069,None
733,2015-05-05 00:00:00,IN,OR,IN,MZ,247,5728,11065,19568,1790770,1094656,77339,None
734,2014-09-02 00:00:00,AE,RK,US,MS,259,63897,69516,68453,13462495,2859722,1397215,US-AL
735,2015-02-07 00:00:00,IN,AS,US,RI,196,60868,65678,68612,10838652,3271489,2039670,None
736,2015-11-03 00:00:00,US,WY,US,MT,198,9594,10578,18806,269063,552973,209783,None
737,2014-01-03 00:00:00,US,MI,IN,MZ,180,64196,68203,69247,4285032,3349516,449451,None
738,2015-11-16 00:00:00,US,NY,IN,MP,272,61218,67167,68161,11074058,2063033,863129,None
739,2015-06-03 00:00:00,IN,PY,US,FL,256,60310,66085,68471,4873323,3452906,669735,US-MD
740,2015-03-04 00:00:00,IN,TN,IN,GA,246,5170,19370,13503,2009666,1015468,534708,None
741,2014-12-18 00:00:00,US,TN,US,AR,258,8165,19577,19694,220007,1005748,338215,None
742,2014-07-20 00:00:00,AE,RK,US,IA,190,60903,66674,69603,11112418,2423973,1609739,None
743,2015-11-19 00:00:00,IN,CT,US,HI,243,63971,66516,68644,12977248,3958254,342867,US-OR
744,2015-02-12 00:00:00,US,MO,US,TN,195,6475,19415,16473,2404640,679581,332142,None
745,2015-08-21 00:00:00,IN,AS,IN,KL,243,8714,12303,13035,457574,1019129,244926,None
746,2014-02-02 00:00:00,IN,ML,IN,UT,241,8409,13355,18868,3820503,801344,195426,None
747,2014-07-23 00:00:00,US,ND,IN,CT,242,62991,67850,69417,8229788,2791742,1956864,IN-DL
748,2015-01-07 00:00:00,AE,AZ,IN,MH,160,62464,66661,68815,5261838,2021961,2037839,None
749,2014-09-19 00:00:00,IN,MH,US,MA,157,61573,67350,68344,969690,3318349,1949615,AE-DU
750,2015-03-10 00:00:00,US,NE,US,RI,256,7533,12471,18301,400983,506362,548380,None
751,2014-03-11 00:00:00,IN,PY,IN,DN,151,6212,18339,17652,2486103,924062,268319,None
752,2015-09-15 00:00:00,IN,TN,US,OR,286,63850,66656,69613,2765822,2544689,680169,None
753,2015-07-04 00:00:00,US,DE,IN,CT,184,64484,69781,68189,2450537,2745656,446492,None
754,2015-03-19 00:00:00,IN,DN,US,SC,227,61198,66587,68114,2902154,2428483,2049167,None
755,2014-07-09 00:00:00,US,SD,US,MI,261,5743,18239,19941,1237303,1132886,185645,None
756,2014-02-15 00:00:00,US,AR,US,OH,221,5391,16366,15237,3252914,1054700,46949,None
757,2014-06-28 00:00:00,US,VT,US,NJ,277,6592,12405,16431,2556806,501744,294618,None
758,2015-02-16 00:00:00,US,UT,US,NC,228,6293,13743,14109,232118,1032036,341325,None
759,2014-08-14 00:00:00,IN,MP,IN,TG,152,5846,18623,15098,3402646,1055014,169119,None
760,2015-11-22 00:00:00,US,OK,IN,PB,235,60839,66511,69095,13595141,1853052,1860313,IN-CT
761,2014-07-18 00:00:00,US,OR,IN,AN,211,63318,69417,68316,11171036,2448904,1049021,US-KS
762,2014-10-14 00:00:00,IN,MH,US,SC,160,64246,65026,68088,3025930,1948233,1860346,None
763,2015-01-12 00:00:00,IN,MZ,US,AZ,220,63369,67607,68830,4754859,3033525,1397145,US-GA
764,2014-11-24 00:00:00,IN,OR,IN,AR,154,9246,16269,18756,2520884,770027,140322,None
765,2015-06-16 00:00:00,US,WV,IN,MN,179,60980,66384,68386,1270284,4004774,540871,IN-OR
766,2014-12-22 00:00:00,US,MO,US,AR,165,8885,12268,18511,2933018,1057500,363577,None
767,2015-12-02 00:00:00,US,NJ,IN,AP,215,63720,66846,68151,9683374,3732740,834991,None
768,2015-04-12 00:00:00,US,ID,US,ND,278,6562,18026,14358,932458,721032,220900,None
769,2015-07-21 00:00:00,US,NC,IN,MN,291,63186,65431,69135,1886363,3201777,1383417,None
770,2015-02-02 00:00:00,IN,DD,IN,UP,221,7804,19976,14990,1370845,664522,68089,None
771,2015-12-16 00:00:00,US,LA,IN,DN,293,63034,66393,68624,693409,3719659,403755,None
772,2014-03-15 00:00:00,IN,UT,IN,TG,220,5628,15677,18260,3040793,994635,447253,None
773,2014-10-07 00:00:00,US,CO,US,AZ,190,8287,15634,18813,2456408,877324,78287,None
774,2014-10-13 00:00:00,IN,KL,US,SC,212,61091,66291,68221,2222477,3676050,958803,IN-PY
775,2015-05-12 00:00:00,US,NV,US,IA,254,6388,19018,13331,2850440,725247,257045,None
776,2014-04-17 00:00:00,US,VA,AE,DU,185,63899,65346,68374,1665595,3244347,1513630,None
777,2015-06-21 00:00:00,IN,HP,AE,SH,246,63324,67146,69479,6062962,1795991,386955,US-NM
778,2014-04-03 00:00:00,IN,ML,IN,KL,189,7464,18243,16663,1903872,798846,291728,None
779,2015-03-23 00:00:00,IN,HP,US,WA,175,61085,67948,68696,11341513,2407684,783867,None
780,2014-06-28 00:00:00,US,UT,US,IN,160,7047,13196,14615,751376,1042674,526069,None
781,2015-04-05 00:00:00,IN,TN,US,ND,231,61490,69812,68909,6245872,2763085,1226692,US-WA
782,2015-01-19 00:00:00,IN,MH,US,MA,150,63436,67831,69234,7968854,4166251,1109180,IN-AS
783,2014-01-16 00:00:00,US,CA,IN,BR,246,63286,66799,68413,10621246,2003698,1301664,IN-DD
784,2015-02-14 00:00:00,US,MT,AE,SH,269,60366,66187,68577,8738629,2810675,1600538,None
785,2014-09-14 00:00:00,US,MA,AE,AJ,260,62741,65128,68601,4780611,3125712,1489723,None
786,2014-07-01 00:00:00,IN,NL,IN,MP,226,6366,14804,15594,1935405,1111721,114885,None
787,2015-06-07 00:00:00,US,SC,US,AL,182,5416,10723,18395,3299066,1044834,577021,None
788,2014-08-27 00:00:00,US,CO,US,AR,180,8706,11498,19435,1508644,768705,260878,None
789,2015-02-01 00:00:00,US,AR,US,SD,300,6768,14049,19113,2360324,759746,60206,None
790,2014-06-05 00:00:00,IN,MN,AE,DU,294,63817,66768,69977,1171831,2609999,808831,None
791,2014-05-08 00:00:00,US,MD,IN,UP,296,61222,67602,69326,8070862,1825731,1368408,None
792,2014-03-01 00:00:00,US,KS,IN,MN,201,61555,68056,69871,12744206,3351929,1346011,US-ND
793,2015-11-22 00:00:00,IN,RJ,IN,ML,276,5006,17922,17364,1065831,961067,233680,None
794,2015-05-21 00:00:00,IN,JH,US,MO,175,62001,67575,69221,12166595,2781873,1677022,None
795,2014-08-15 00:00:00,IN,AS,US,AR,277,64270,66968,68266,11221684,2767415,1616383,US-TN
796,2015-12-17 00:00:00,AE,RK,AE,FU,180,9076,16166,18380,3002107,514973,563389,None
797,2014-09-05 00:00:00,AE,AZ,US,OK,256,63691,66097,69434,7968602,2278117,494612,US-TN
798,2015-09-03 00:00:00,IN,GJ,IN,LD,202,5410,15204,15852,1183080,728326,547851,None
799,2015-08-04 00:00:00,IN,DD,US,CT,172,63595,69751,69496,12806536,3440162,1316656,None
800,2014-11-27 00:00:00,IN,DD,US,OH,240,63720,66134,69434,1076109,3734703,1317470,None
801,2014-09-13 00:00:00,US,DE,US,NJ,188,7875,13359,14221,1011501,827546,482349,None
802,2015-09-04 00:00:00,IN,KA,IN,PB,289,5541,14815,18402,2951633,705176,451107,None
803,2015-01-02 00:00:00,US,NV,IN,DD,214,62995,69670,68493,5423029,3457165,1647476,None
804,2015-04-28 00:00:00,IN,HR,US,WY,293,63684,69999,69862,5137035,3016123,1339365,None
805,2014-04-23 00:00:00,IN,DD,IN,TG,210,9729,12710,14085,749032,1118992,210657,None
806,2014-05-01 00:00:00,IN,RJ,US,NM,243,61233,67203,68625,11417837,2574646,532688,IN-PB
807,2014-03-28 00:00:00,IN,NL,AE,AZ,182,62870,68526,68356,2626329,3479415,393234,US-NJ
808,2014-09-11 00:00:00,IN,HR,IN,CT,262,7875,10193,16423,3946893,1075541,545817,None
809,2014-10-23 00:00:00,IN,AR,US,WA,206,60397,65689,69396,7936733,2184383,1025377,None
810,2015-11-01 00:00:00,AE,SH,IN,MZ,196,61100,69243,69713,9891898,1825693,1117471,IN-MH
811,2015-01-18 00:00:00,US,CT,US,NE,202,5136,10246,18141,1702037,773189,46944,None
812,2014-06-24 00:00:00,IN,OR,AE,UQ,161,64561,66753,68739,1441212,3820554,1446333,IN-AP
813,2015-01-23 00:00:00,US,WY,AE,DU,297,64977,69789,69626,5329114,3209823,1868031,US-KY
814,2014-02-02 00:00:00,IN,AR,IN,SK,287,6523,17379,13630,2343047,579292,203541,None
815,2015-04-15 00:00:00,US,LA,AE,UQ,150,61353,69935,68576,13087188,2756583,1459037,IN-TN
816,2014-01-11 00:00:00,US,TN,IN,KA,248,63263,66414,69396,4328457,3180092,1945861,None
817,2015-09-24 00:00:00,AE,DU,US,WI,168,60900,68095,69304,646705,2973237,1242778,None
818,2015-10-13 00:00:00,US,TN,US,OH,155,5538,17246,16895,1204971,505362,259210,None
819,2015-09-04 00:00:00,US,NE,IN,UT,186,64335,65689,69163,10260501,2631472,1110311,None
820,2014-03-03 00:00:00,IN,UT,US,MT,293,64035,69777,68898,8962776,3093201,1510050,None
821,2015-09-13 00:00:00,IN,HR,US,TX,168,60987,69042,68881,9156358,1922812,1249454,None
822,2014-08-11 00:00:00,IN,UP,IN,CH,181,9708,14700,18127,1766954,716903,427557,None
823,2015-08-09 00:00:00,IN,CH,IN,RJ,179,8299,12755,14309,3366917,578644,582636,None
824,2014-02-14 00:00:00,US,OR,IN,JK,166,64263,68243,69939,13989322,3050997,1119746,AE-AZ
825,2014-11-26 00:00:00,IN,MP,US,IA,286,64157,69482,69116,3451923,2300449,1670414,None
826,2015-06-13 00:00:00,US,AL,US,OR,256,8823,19827,15812,1495972,988047,155483,None
827,2015-09-28 00:00:00,US,CO,US,WA,171,6138,13384,17049,1200547,738101,81158,None
828,2015-06-15 00:00:00,IN,MZ,IN,NL,241,5860,11905,13275,2254730,546345,576834,None
829,2014-06-13 00:00:00,US,TX,US,MO,254,9378,19401,19990,3923029,715622,217884,None
830,2014-11-24 00:00:00,US,HI,IN,NL,256,60938,66225,69280,7013719,2289158,1742725,None
831,2014-05-27 00:00:00,US,IN,IN,DD,165,63520,67979,69533,3181959,3461278,413265,None
832,2014-05-09 00:00:00,IN,PB,US,MD,209,60395,68213,68481,1471717,2581725,1755828,IN-PY
833,2014-09-13 00:00:00,US,NE,AE,AZ,268,62824,67648,68435,13346337,3011247,441152,None
834,2015-03-02 00:00:00,AE,RK,IN,MN,296,64135,69685,69945,898284,3070537,664855,None
835,2014-03-03 00:00:00,US,AK,IN,MP,172,62402,66980,68584,8546032,2730822,650120,None
836,2014-06-18 00:00:00,US,OR,IN,KL,250,64494,69187,68821,8262825,2447257,1994814,None
837,2015-01-02 00:00:00,US,IA,US,TN,206,9084,15812,15845,3818510,1092668,97469,None
838,2015-12-26 00:00:00,US,ME,IN,JH,163,61143,65296,69188,7881105,2403728,1293516,None
839,2015-11-28 00:00:00,AE,FU,IN,TG,238,60073,66774,69841,700679,2875203,1424926,US-KY
840,2015-10-02 00:00:00,US,NH,IN,OR,221,60724,65918,68537,5240189,1949338,1433655,None
841,2015-12-20 00:00:00,IN,UP,IN,RJ,268,9509,18875,13395,3178439,554128,425521,None
842,2015-12-24 00:00:00,US,AZ,IN,GJ,198,62062,69701,69087,3707446,3988017,1102147,US-CT
843,2015-04-22 00:00:00,IN,PY,AE,RK,268,61549,66708,68484,8572021,2800469,1237433,US-MT
844,2014-01-28 00:00:00,IN,GJ,US,AK,197,62926,67760,68822,11847401,2288261,1065479,None
845,2014-08-17 00:00:00,US,ND,US,PA,153,7716,14333,14662,1189554,1123955,347181,None
846,2014-06-06 00:00:00,US,ME,US,CT,225,9464,19212,19544,3959365,988699,441291,None
847,2015-12-28 00:00:00,IN,MH,US,UT,174,64849,69031,69567,4219494,2668731,520475,None
848,2014-10-22 00:00:00,US,MI,IN,TN,184,64148,65239,68431,7745464,1777835,1740143,IN-HR
849,2015-02-22 00:00:00,IN,PY,IN,TR,229,5847,18616,19301,3276770,1181965,150645,None
850,2015-03-03 00:00:00,IN,UT,IN,MP,221,8157,14179,13298,1490650,640260,185231,None
851,2014-10-22 00:00:00,IN,CT,IN,KA,287,5320,16883,16784,3237382,984042,96871,None
852,2014-01-07 00:00:00,IN,OR,US,HI,272,64319,67316,68749,2965538,3653134,1418412,IN-MN
853,2014-05-17 00:00:00,US,MA,IN,LD,239,62388,66018,69777,11336463,2626823,402594,None
854,2015-04-24 00:00:00,IN,AP,AE,DU,269,61730,68609,69064,6580421,3618996,1489487,IN-AR
855,2015-05-17 00:00:00,IN,MP,IN,TG,277,5123,19857,15984,1700759,835550,218689,None
856,2014-01-15 00:00:00,US,KY,US,WY,162,6913,19971,13621,695560,1117585,533489,None
857,2015-04-16 00:00:00,US,MS,IN,DN,189,60303,66642,68022,9194558,1973718,1622482,None
858,2014-12-23 00:00:00,US,NH,US,LA,293,8042,13142,18636,3628220,707260,227115,None
859,2014-09-13 00:00:00,US,WV,US,MO,244,9538,17225,13170,1429100,612818,144250,None
860,2014-04-16 00:00:00,IN,SK,US,GA,194,63089,66387,68592,12093966,1913454,320441,IN-LD
861,2014-08-11 00:00:00,IN,TN,US,ME,172,60276,67690,69745,8591501,1854255,1869684,None
862,2014-05-21 00:00:00,IN,HP,IN,NL,160,5091,11542,19173,607162,846512,492673,None
863,2014-01-07 00:00:00,US,ID,IN,MH,260,61346,69395,68767,2814255,2578275,925906,US-GA
864,2014-04-19 00:00:00,US,WY,US,VA,266,8792,19438,16376,3610356,1135769,252949,None
865,2015-07-15 00:00:00,US,WY,US,IN,159,7892,17538,18510,1400027,822084,231595,None
866,2015-03-22 00:00:00,IN,TR,IN,OR,236,5915,11991,16811,228797,556275,92692,None
867,2015-07-02 00:00:00,IN,ML,IN,MP,299,8703,10030,15974,3054200,728920,421950,None
868,2015-02-12 00:00:00,IN,DD,AE,SH,285,61562,67006,68247,2821313,3131542,1420784,None
869,2015-08-07 00:00:00,AE,UQ,IN,GJ,152,63655,65449,68106,8717397,2983269,1316174,None
870,2015-08-05 00:00:00,IN,WB,US,CT,244,62242,66621,68737,12722157,3614657,715057,US-HI
871,2014-09-07 00:00:00,IN,DN,US,MO,222,60704,65949,68655,13171181,2747177,319969,IN-AN
872,2015-05-15 00:00:00,IN,MH,US,AL,199,63856,68445,69783,9537065,4148489,925463,None
873,2014-07-21 00:00:00,US,IL,IN,TG,294,60598,68054,69911,1916404,2218031,2050060,None
874,2014-11-16 00:00:00,US,SC,US,VA,161,5123,18512,13587,402549,776220,179000,None
875,2014-03-17 00:00:00,US,CO,IN,PB,161,61722,66829,68347,6802621,3590326,1046691,None
876,2015-03-12 00:00:00,US,MT,AE,DU,288,60287,68317,68816,5791663,2529545,788236,US-PA
877,2014-01-03 00:00:00,IN,RJ,US,LA,243,62940,69496,68494,5428293,3033496,1811080,None
878,2014-11-05 00:00:00,US,AL,US,RI,283,6731,13959,17645,2211910,1011598,508948,None
879,2015-02-10 00:00:00,US,IL,US,WA,171,9364,18950,19176,269397,1156963,123161,None
880,2015-12-26 00:00:00,US,TN,IN,NL,155,61740,65850,68702,8583609,2606825,1721670,US-ID
881,2015-03-14 00:00:00,IN,UT,IN,RJ,169,8531,11316,17910,192647,977156,536422,None
882,2014-02-08 00:00:00,IN,AP,IN,KA,200,6733,15620,16123,3291529,695469,535376,None
883,2014-10-16 00:00:00,US,ME,US,NC,188,7881,11503,15861,2566208,772824,127073,None
884,2014-02-21 00:00:00,IN,RJ,IN,HR,171,9299,18168,15417,917044,674260,436636,None
885,2015-01-19 00:00:00,US,NJ,IN,MP,234,64619,69388,68316,13543994,3392595,1451193,None
886,2015-09-12 00:00:00,US,KS,AE,SH,168,63827,69756,69910,8291755,2573834,2036906,US-AK
887,2015-08-09 00:00:00,US,SC,US,OR,294,6902,18937,16838,1505417,954969,500664,None
888,2015-09-10 00:00:00,US,MN,US,LA,206,7472,18917,17867,214682,1182673,288763,None
889,2015-05-21 00:00:00,US,CO,US,GA,270,5383,19612,17098,3008089,890164,415913,None
890,2014-02-04 00:00:00,US,VT,US,IL,300,5359,13562,17294,942111,905893,537831,None
891,2015-04-14 00:00:00,US,AR,US,TN,208,8512,15326,16895,2649894,1196300,134237,None
892,2015-10-25 00:00:00,US,IA,IN,NL,226,64565,68472,69972,13323518,2536601,868843,None
893,2015-03-22 00:00:00,IN,MH,IN,UT,200,7861,17533,18594,857395,912954,239731,None
894,2014-06-24 00:00:00,US,IA,AE,FU,261,64125,69442,69141,8911393,2734905,1563602,None
895,2015-01-16 00:00:00,US,NJ,US,IA,195,5153,11328,18489,2879694,669348,50492,None
896,2014-06-17 00:00:00,US,WV,US,CT,251,9282,13766,13247,3903853,1017097,473799,None
897,2014-02-03 00:00:00,AE,UQ,IN,GA,174,62656,67709,69973,4850770,4043358,1208497,US-HI
898,2015-08-11 00:00:00,US,NH,US,MN,258,5967,15560,17802,1868818,611928,380528,None
899,2014-07-23 00:00:00,US,KS,US,CO,155,8123,19673,14902,1063706,594181,382182,None
900,2014-02-03 00:00:00,US,RI,US,IA,296,9275,17837,19140,2226260,1043219,339605,None
901,2015-02-22 00:00:00,IN,CT,IN,UT,277,8253,12971,14536,2074138,959841,64633,None
902,2015-11-10 00:00:00,US,WI,US,IL,154,7284,14101,13233,3883631,932830,196684,None
903,2015-06-14 00:00:00,US,SD,US,CO,292,6554,13104,13427,3432202,1156131,402942,None
904,2014-03-19 00:00:00,IN,AR,IN,MZ,291,9056,10065,16524,3532657,875522,518319,None
905,2015-10-13 00:00:00,US,AK,US,SC,270,5189,10725,14798,1314537,1161436,129353,None
906,2015-02-26 00:00:00,US,AR,US,KY,206,8301,19724,15417,2931759,746335,472071,None
907,2015-12-25 00:00:00,IN,RJ,US,OR,181,62226,68582,68974,8972829,2702900,1596990,None
908,2014-03-13 00:00:00,AE,DU,US,HI,165,61935,65307,68511,11810118,3605320,478097,None
909,2014-06-11 00:00:00,US,WA,AE,UQ,234,62762,65076,68936,7916957,4194067,1113726,None
910,2015-09-28 00:00:00,IN,GA,IN,LD,166,9688,18217,13731,3077123,643792,417666,None
911,2015-01-06 00:00:00,US,NM,IN,TG,159,61554,65305,69632,3878245,2480548,891208,None
912,2015-05-12 00:00:00,US,MS,US,MO,196,5663,13259,15641,2033340,618578,203381,None
913,2014-06-05 00:00:00,US,MT,IN,ML,230,62025,68780,69625,10041418,3174358,1095287,AE-DU
914,2014-10-23 00:00:00,US,RI,IN,MZ,278,62262,65948,69024,10329455,4146141,1601428,None
915,2015-10-01 00:00:00,US,WA,US,OH,209,7035,16802,15556,2143422,1021874,597565,None
916,2015-05-23 00:00:00,US,TX,US,KY,169,7393,12996,17743,2798660,885716,513907,None
917,2015-02-25 00:00:00,AE,SH,IN,CH,204,61154,67604,68452,12115522,2858563,925517,None
918,2014-02-19 00:00:00,US,SC,IN,GA,233,60839,67138,68806,11297832,3426672,1167918,IN-DL
919,2015-09-16 00:00:00,US,LA,US,KS,257,8969,17192,19789,1528688,824675,211212,None
920,2015-01-27 00:00:00,US,SC,US,MO,181,7403,13241,14051,1984889,1132757,334003,None
921,2015-09-18 00:00:00,IN,CH,US,WY,256,61145,69159,69702,12869440,3795095,1762292,None
922,2014-09-21 00:00:00,IN,UT,AE,AZ,256,64100,66178,69747,13562232,2336521,572197,None
923,2015-03-10 00:00:00,AE,SH,US,MD,199,63620,66494,68384,3747983,3683098,1190526,IN-MP
924,2014-01-20 00:00:00,US,HI,US,RI,163,7806,13415,17754,3170971,780180,100448,None
925,2015-09-06 00:00:00,US,AZ,US,WY,240,6882,12869,17234,1238872,1006214,485202,None
926,2015-03-20 00:00:00,US,TX,US,KS,154,5791,13057,17099,1258538,923003,540972,None
927,2014-11-18 00:00:00,US,ND,US,IA,242,7039,15175,16531,3130637,869132,26510,None
928,2014-07-28 00:00:00,US,MA,IN,TR,225,63049,67246,68457,13359930,2833845,545916,IN-BR
929,2015-02-08 00:00:00,AE,UQ,US,PA,154,61565,68984,69438,924198,3150441,1456798,US-HI
930,2015-02-16 00:00:00,IN,TG,IN,MZ,279,5091,13149,17488,3438115,740688,478044,None
931,2014-12-14 00:00:00,IN,PY,US,AL,273,63554,69301,69342,3801639,2619573,1624289,US-AZ
932,2015-02-17 00:00:00,IN,OR,IN,GA,246,8719,16584,19333,3260701,925821,31321,None
933,2014-12-04 00:00:00,US,NY,IN,KA,239,62669,68652,68972,11900864,3818308,1059340,US-NC
934,2014-01-14 00:00:00,US,MI,IN,RJ,274,64169,67219,68929,3590655,4199627,699332,US-MD
935,2015-08-09 00:00:00,IN,MP,US,NM,257,60486,68509,69570,13609196,2847085,2096168,US-NV
936,2015-09-20 00:00:00,US,KS,IN,GA,197,62230,66067,68225,5236056,3341654,1970084,AE-DU
937,2015-12-24 00:00:00,IN,UP,US,NV,299,62385,68506,69934,9514113,2842634,1798479,US-OK
938,2014-07-10 00:00:00,IN,GA,US,CO,275,61104,67607,68840,9466243,1956919,1752907,None
939,2015-10-02 00:00:00,US,WY,IN,GJ,210,61429,66738,69030,2346887,3926055,526581,None
940,2014-03-08 00:00:00,AE,DU,US,KS,209,62760,65929,69983,4691017,1819828,630731,None
941,2015-01-10 00:00:00,US,NJ,IN,PB,216,62876,67648,69493,5203680,1847884,1928501,IN-RJ
942,2015-05-02 00:00:00,US,HI,AE,RK,267,62935,68072,69528,5279217,2169874,1786258,IN-DN
943,2014-01-19 00:00:00,IN,TN,US,IL,159,61789,68775,68938,10960856,2357657,1724348,None
944,2015-01-28 00:00:00,US,FL,US,NY,201,8250,15241,17034,534135,1093971,464140,None
945,2014-04-20 00:00:00,US,OR,IN,RJ,203,63093,68470,69906,8163741,2419059,2096711,None
946,2015-01-11 00:00:00,IN,MN,IN,UP,266,5321,10067,17901,1823401,789080,409791,None
947,2015-01-03 00:00:00,US,SC,US,CA,190,9476,10397,17752,2995719,721632,553885,None
948,2014-04-04 00:00:00,IN,MP,US,WA,221,64557,68767,69893,6490783,2932634,1460442,None
949,2014-12-22 00:00:00,IN,CT,AE,RK,291,62002,67713,68140,10229889,3657929,1582655,None
950,2015-11-26 00:00:00,IN,MN,US,AL,231,60644,68491,69438,4950110,3334909,1399492,None
951,2014-11-09 00:00:00,US,KS,IN,OR,154,61528,68771,69499,3355067,2333563,1136256,None
952,2015-03-13 00:00:00,US,NY,US,IN,206,9835,16192,17235,1614510,1003329,452269,None
953,2015-08-27 00:00:00,US,CA,US,NV,267,9351,11543,13922,3985400,944167,400242,None
954,2014-11-28 00:00:00,AE,SH,US,IL,257,64395,67149,68656,13568656,2494338,1758810,US-DE
955,2014-03-13 00:00:00,IN,UP,US,CO,247,60230,66195,69109,9273052,3853962,1148953,IN-WB
956,2014-10-15 00:00:00,IN,SK,US,NJ,221,61683,67788,68243,1030336,3951740,1102230,None
957,2014-07-26 00:00:00,AE,FU,US,NV,209,63342,66110,68312,4670188,3451841,1556532,None
958,2015-11-12 00:00:00,US,AL,US,TX,166,7461,16128,17540,1936085,734239,504140,None
959,2014-03-12 00:00:00,AE,AZ,US,WV,192,64878,66798,69885,13473009,1953003,1547325,None
960,2014-10-21 00:00:00,IN,DL,IN,HP,215,5280,16224,13597,901990,530089,531886,None
961,2014-06-06 00:00:00,IN,AN,IN,ML,221,8457,12916,14579,2413022,813813,199367,None
962,2014-10-14 00:00:00,US,SD,IN,ML,201,62773,68853,68752,2844539,3519833,1939633,IN-AP
963,2015-03-04 00:00:00,US,NV,IN,DN,269,60129,68218,69761,1650705,3334347,1835451,None
964,2015-11-21 00:00:00,US,NH,IN,CT,249,63500,69879,68691,6172969,2781823,1555112,IN-JH
965,2015-06-19 00:00:00,IN,BR,US,IN,274,62453,66257,69221,6852373,3609259,2092458,None
966,2015-03-11 00:00:00,US,IN,US,NC,179,8620,12800,16376,1270695,1074676,247131,None
967,2015-08-16 00:00:00,US,ND,US,TX,161,7437,16854,19357,1821209,1064768,113472,None
968,2015-06-21 00:00:00,US,FL,IN,GJ,254,60534,66026,68197,4358849,2138249,464670,AE-DU
969,2015-10-27 00:00:00,IN,CH,US,MD,163,60446,66750,68379,6978290,2106350,1896854,IN-RJ
970,2014-02-07 00:00:00,US,IL,IN,AS,280,63919,68898,69271,5062659,3308930,1974471,IN-JH
971,2014-08-19 00:00:00,US,NY,IN,DL,157,60888,67161,68543,13163956,2222256,890138,US-AL
972,2014-05-07 00:00:00,US,NH,IN,UT,188,62205,68800,68893,2733911,3278123,461022,US-SD
973,2015-03-02 00:00:00,US,NM,US,MT,155,7564,14724,18122,3445210,852491,454585,None
974,2015-04-14 00:00:00,IN,RJ,IN,DD,228,6122,14530,19199,2385232,1028353,61326,None
975,2014-07-12 00:00:00,IN,CT,IN,ML,163,5503,14299,19274,3089678,869502,582504,None
976,2015-04-16 00:00:00,US,SD,US,AZ,258,7718,14232,15285,2413951,1110777,455784,None
977,2014-11-07 00:00:00,US,MI,US,WA,205,6185,18202,15212,1017447,854565,493046,None
978,2014-12-01 00:00:00,IN,AR,IN,AS,293,5779,15416,16786,3659153,1016296,573623,None
979,2015-08-08 00:00:00,IN,PB,US,LA,256,63464,67310,69551,7378805,1792532,1508298,None
980,2015-04-07 00:00:00,US,PA,US,ND,216,7617,16943,13928,2548357,1024747,230617,None
981,2015-01-04 00:00:00,US,TX,IN,DL,164,60195,65632,68692,9943471,2533379,424006,AE-DU
982,2014-10-08 00:00:00,IN,HP,US,TN,200,61301,68673,69801,1364647,3172755,1907002,None
983,2015-10-08 00:00:00,US,NV,IN,ML,249,62461,66066,68828,7530159,4128857,777757,IN-DL
984,2014-01-27 00:00:00,IN,CH,IN,TR,213,9448,12883,13614,2415613,835821,163472,None
985,2015-10-08 00:00:00,US,RI,IN,KL,275,63691,69998,69946,4402350,3031269,1127768,US-IA
986,2014-08-28 00:00:00,US,MT,US,MO,248,7984,17236,16875,3116660,606382,303858,None
987,2015-11-12 00:00:00,US,PA,US,ME,172,8427,17832,18371,1801939,711455,160368,None
988,2014-03-16 00:00:00,IN,GA,IN,MN,282,6850,13776,19014,2862785,1165863,184936,None
989,2015-07-20 00:00:00,US,OH,US,KY,241,9683,17246,16247,1694545,1084124,432607,None
990,2014-07-02 00:00:00,IN,CH,US,AK,297,61994,68113,69965,1037994,3909503,563821,IN-LD
991,2015-10-19 00:00:00,US,TN,US,AL,194,5970,17443,13182,1318552,1179310,355984,None
992,2015-11-01 00:00:00,US,VA,US,DE,239,9979,14491,14348,743918,676607,58437,None
993,2015-06-08 00:00:00,US,NE,IN,BR,293,64984,67313,69256,7983068,3426455,2062819,IN-MN
994,2014-09-01 00:00:00,US,SD,US,AZ,169,9482,16120,18582,1784482,899784,282423,None
995,2015-08-11 00:00:00,US,IL,IN,MH,233,64733,68232,68938,12541855,2494139,1766248,IN-KA
996,2014-03-08 00:00:00,IN,ML,US,ID,201,60716,67983,68585,1929017,4159569,1393754,None
997,2015-05-11 00:00:00,IN,OR,IN,PY,157,8212,18090,14068,3318714,1196421,395812,None
998,2014-01-05 00:00:00,IN,WB,IN,KL,189,7514,17424,15406,1236525,578944,402187,None
999,2015-12-25 00:00:00,US,NE,US,ND,165,6465,16304,18212,3254874,751614,375713,None
